No.,Player Name,Position,Player_ID,Year,Country_Name,Nationality,Age,Height,Total Points,Average by Match,Attack Points,Efficiency,Attack Avg Points,Block Points,Block Success,Block Avg Points,Serve Points,Serve Success,Serve Avg Points
1,Sanchez Matias,S,142412,2021,Argentina,Argentina,25,175,4,0.57,2,1,0.29,0,0,0,2,0.07,0.29
2,Pereyra Federico,O,117445,2021,Argentina,Argentina,33,200,147,9.8,125,0.49,8.33,12,0.26,0.8,10,0.09,0.67
3,Martinez Franchi Jan,U,142410,2021,Argentina,Argentina,24,190,53,4.42,51,0.42,4.25,2,0.13,0.17,0,0,0
5,Uriarte Nicolas,S,119846,2021,Argentina,Argentina,32,192,8,0.8,3,0.33,0.3,5,0.31,0.5,0,0,0
6,Poglajen Cristian,OH,119853,2021,Argentina,Argentina,32,195,49,4.45,45,0.41,4.09,3,0.09,0.27,1,0.01,0.09
7,Conte Facundo,OH,118886,2021,Argentina,Argentina,32,197,112,7.47,92,0.39,6.13,18,0.32,1.2,2,0.01,0.13
8,Loser Agustin,MB,152692,2021,Argentina,Argentina,24,198,111,9.25,86,0.68,7.17,16,0.17,1.33,9,0.06,0.75
9,Danani Santiago,L,153053,2021,Argentina,Argentina,26,176,0,0,0,-,-,0,-,-,0,-,-
10,Lazo Nicolás,OH,136737,2021,Argentina,Argentina,26,192,12,2.4,9,0.32,1.8,3,0.6,0.6,0,0,0
11,Solé Sebastian,MB,133730,2021,Argentina,Italy,30,200,75,6.82,59,0.57,5.36,15,0.16,1.36,1,0.01,0.09
12,Lima Bruno,O,142415,2021,Argentina,Argentina,26,198,81,11.57,76,0.54,10.86,2,0.06,0.29,3,0.04,0.43
13,Palacios Ezequiel,OH,125048,2021,Argentina,Argentina,29,198,21,1.91,16,0.4,1.45,2,0.25,0.18,3,0.1,0.27
14,Crer Pablo,MB,119851,2021,Argentina,Argentina,32,202,8,2.67,6,0.67,2,2,0.33,0.67,0,0,0
15,De Cecco Luciano,S,117457,2021,Argentina,Argentina,33,191,18,1.2,8,0.35,0.53,6,0.18,0.4,4,0.03,0.27
16,Palonsky Luciano,OH,162546,2021,Argentina,Argentina,22,198,15,1.25,14,0.37,1.17,1,0.33,0.08,0,0,0
17,Mendez Nicolas,OH,125049,2021,Argentina,Argentina,29,191,45,3,38,0.41,2.53,7,0.37,0.47,0,0,0
18,Ramos Martin,MB,125047,2021,Argentina,Argentina,30,197,72,4.8,50,0.6,3.33,18,0.23,1.2,4,0.04,0.27
19,Massimino Franco,L,135349,2021,Argentina,Argentina,33,177,0,0,0,-,-,0,-,-,0,-,-
,Marcelo MENDEZ,COACH,N/A,2021,Argentina,,,,,,,,,,,,,,
1,Graham Beau,MB,144457,2021,Australia,Australia,27,203,101,6.73,96,0.38,6.4,2,0.04,0.13,3,0.02,0.2
2,Dosanjh Arshdeep,S,144456,2021,Australia,Australia,25,205,46,3.07,25,0.38,1.67,13,0.23,0.87,8,0.05,0.53
3,Macdonald Steven,MB,162262,2021,Australia,Australia,24,207,0,0,0,-,-,0,0,0,0,0,0
7,Weir James,MB,162077,2021,Australia,Australia,26,204,26,1.73,18,0.41,1.2,4,0.17,0.27,4,0.06,0.27
8,O'Dea Trent,MB,144464,2021,Australia,Australia,27,201,75,5,59,0.48,3.93,14,0.17,0.93,2,0.02,0.13
11,Perry Luke,L,144578,2021,Australia,Australia,26,180,0,0,0,-,-,0,-,-,0,-,-
12,Mote Nehemiah,MB,144461,2021,Australia,Australia,28,203,94,6.71,74,0.52,5.29,18,0.18,1.29,2,0.01,0.14
15,Smith Luke,OH,120515,2021,Australia,Australia,31,204,132,11,115,0.43,9.58,13,0.25,1.08,4,0.03,0.33
16,Douglas-Powell Thomas Ewen,OH,132961,2021,Australia,Australia,29,194,1,1,1,1,1,0,-,-,0,0,0
21,Butler Nicholas,S,158841,2021,Australia,Australia,24,198,2,0.13,1,1,0.07,1,0.5,0.07,0,0,0
27,Senica Max,OH,162870,2021,Australia,Australia,22,191,39,2.6,30,0.34,2,5,0.28,0.33,4,0.06,0.27
28,Taylor Tim,OH,162267,2021,Australia,Australia,27,195,25,1.67,22,0.37,1.47,3,0.33,0.2,0,0,0
29,Garrett Ethan,OH,169335,2021,Australia,Australia,21,196,36,3,33,0.25,2.75,2,0.06,0.17,1,0.01,0.08
31,Aubrey Matthew,O,162265,2021,Australia,Australia,24,209,6,0.4,6,0.38,0.4,0,0,0,0,0,0
32,Azeez Oluwatobi Elliot,OH,181257,2021,Australia,Australia,22,190,56,4.67,51,0.38,4.25,3,0.18,0.25,2,0.04,0.17
33,Flowerday Sam,OH,178207,2021,Australia,Australia,19,191,0,0,0,0,0,0,-,-,0,0,0
34,Greber Billy,L,181247,2021,Australia,Australia,19,183,0,-,0,-,-,0,-,-,0,-,-
,Marcos Miranda,COACH,N/A,2021,Australia,,,,,,,,,,,,,,
1,Rezende Bruno Mossa,S,116099,2021,Brazil,Brazil,35,190,21,1.24,9,0.64,0.53,7,0.12,0.41,5,0.03,0.29
3,De Barros Ferreira João Rafael,OH,136955,2021,Brazil,Brazil,29,193,4,1,3,0.5,0.75,0,-,-,1,0.11,0.25
5,Borges Almeida Silva Mauricio,OH,132030,2021,Brazil,Brazil,33,2,39,2.29,33,0.41,1.94,3,0.18,0.18,3,0.05,0.18
6,Gil Kreling Fernando,S,142744,2021,Brazil,Brazil,26,186,8,0.47,3,0.5,0.18,2,0.12,0.12,3,0.05,0.18
8,De Souza Wallace,O,112869,2021,Brazil,Brazil,34,198,169,9.94,150,0.58,8.82,10,0.17,0.59,9,0.06,0.53
9,Leal Hidalgo Yoandy,OH,118928,2021,Brazil,Brazil,33,202,162,10.8,139,0.51,9.27,11,0.22,0.73,12,0.08,0.8
11,Kavalkievicz Gabriel,OH,151789,2021,Brazil,Brazil,25,191,7,0.7,6,0.6,0.6,1,0.25,0.1,0,0,0
12,Santos Isac,MB,119872,2021,Brazil,Brazil,31,208,97,6.06,66,0.57,4.12,21,0.25,1.31,10,0.07,0.62
13,De Souza Mauricio Luiz,MB,136734,2021,Brazil,Brazil,33,207,58,4.46,36,0.56,2.77,19,0.21,1.46,3,0.03,0.23
14,Correia De Souza Douglas,OH,142741,2021,Brazil,Brazil,26,199,119,7,101,0.52,5.94,8,0.2,0.47,10,0.09,0.59
15,Nascimento Maique Reis,L,161939,2021,Brazil,Brazil,24,187,0,0,0,-,-,0,-,-,0,-,-
16,Saatkamp Lucas,MB,116081,2021,Brazil,Brazil,36,209,24,4.8,19,0.46,3.8,3,0.1,0.6,2,0.04,0.4
17,Hoss Thales,L,118916,2021,Brazil,Brazil,32,190,0,0,0,-,-,0,-,-,0,-,-
18,Souza Ricardo Lucarelli,OH,136468,2021,Brazil,Brazil,30,196,160,10.67,131,0.53,8.73,12,0.21,0.8,17,0.1,1.13
21,Souza Alan,O,136947,2021,Brazil,Brazil,28,202,96,6,85,0.56,5.31,8,0.21,0.5,3,0.04,0.19
23,Resende Gualberto Flavio,MB,136956,2021,Brazil,Brazil,28,199,59,3.47,45,0.49,2.65,10,0.12,0.59,4,0.03,0.24
,CARLOS SCHWANKE,COACH,N/A,2021,Brazil,,,,,,,,,,,,,,
1,Karyagin Denis,OH,174445,2021,Bulgaria,Bulgaria,19,206,63,4.2,57,0.4,3.8,2,0.1,0.13,4,0.06,0.27
2,Chavdarov Stefan,MB,180588,2021,Bulgaria,Bulgaria,26,202,39,3,28,0.57,2.15,9,0.15,0.69,2,0.02,0.15
3,Kolev Nikolay,MB,173067,2021,Bulgaria,Bulgaria,24,204,59,3.93,47,0.58,3.13,10,0.12,0.67,2,0.02,0.13
4,Atanasov Martin,OH,156676,2021,Bulgaria,Bulgaria,25,197,64,4.27,45,0.35,3,6,0.29,0.4,13,0.16,0.87
6,Stankov Vladimir,S,162124,2021,Bulgaria,Bulgaria,25,190,8,0.8,3,0.5,0.3,3,0.13,0.3,2,0.04,0.2
9,Seganov Georgi,S,137012,2021,Bulgaria,Bulgaria,28,197,29,1.93,11,0.61,0.73,10,0.23,0.67,8,0.06,0.53
10,Stankov Svetoslav,S,181285,2021,Bulgaria,Bulgaria,25,195,1,0.11,0,-,-,0,0,0,1,0.2,0.11
11,Grozdanov Aleks,MB,152619,2021,Bulgaria,Bulgaria,23,208,23,7.67,11,0.48,3.67,7,0.21,2.33,5,0.14,1.67
12,Petrov Georgi,OH,173010,2021,Bulgaria,Bulgaria,22,197,42,2.8,37,0.39,2.47,5,0.17,0.33,0,0,0
14,Asparuhov Asparuh,OH,168269,2021,Bulgaria,Bulgaria,21,201,125,8.33,106,0.48,7.07,8,0.15,0.53,11,0.09,0.73
15,Lyutskanov Gordan,OH,152624,2021,Bulgaria,Bulgaria,24,197,12,1.33,11,0.32,1.22,1,0.14,0.11,0,0,0
16,Ivanov Vladislav,L,118484,2021,Bulgaria,Bulgaria,35,188,0,0,0,-,-,0,-,-,0,-,-
19,Sokolov Tsvetan,O,118488,2021,Bulgaria,Bulgaria,32,206,80,10,68,0.49,8.5,5,0.25,0.62,7,0.13,0.88
22,Kartev Nikolay,MB,162123,2021,Bulgaria,Bulgaria,26,204,48,3.69,37,0.55,2.85,10,0.17,0.77,1,0.01,0.08
24,Ivanov Martin,L,173009,2021,Bulgaria,Bulgaria,30,190,0,0,0,-,-,0,-,-,0,-,-
25,Parapunov Radoslav,O,150277,2021,Bulgaria,Bulgaria,24,205,97,6.47,82,0.41,5.47,12,0.26,0.8,3,0.04,0.2
26,Ivanov Svetoslav,OH,164812,2021,Bulgaria,Bulgaria,21,197,38,3.45,31,0.41,2.82,4,0.29,0.36,3,0.06,0.27
,Silvano Prandi,COACH,N/A,2021,Bulgaria,,,,,,,,,,,,,,
1,Sanders Tyler,S,136299,2021,Canada,Canada,30,191,5,0.62,1,0.2,0.12,3,0.13,0.38,1,0.02,0.12
2,Perrin John Gordon,OH,124556,2021,Canada,Canada,32,201,128,9.85,109,0.46,8.38,12,0.21,0.92,7,0.05,0.54
3,Marshall Steven,L,139429,2021,Canada,Canada,32,191,9,0.69,3,0.14,0.23,6,0.5,0.46,0,0,0
4,Hoag Nicholas,OH,136291,2021,Canada,Canada,29,200,121,8.07,95,0.43,6.33,9,0.21,0.6,17,0.12,1.13
6,Pereira Jordan,L,157334,2021,Canada,Canada,24,185,0,0,0,-,-,0,-,-,0,-,-
7,Maar Stephen Timothy,OH,140061,2021,Canada,Canada,27,201,49,4.9,40,0.41,4,7,0.35,0.7,2,0.05,0.2
8,Blankenau Jay,S,124553,2021,Canada,Canada,32,194,16,1.14,11,0.42,0.79,3,0.13,0.21,2,0.02,0.14
10,Sclater Ryan Joseph,O,140428,2021,Canada,Canada,28,200,97,6.47,85,0.47,5.67,6,0.1,0.4,6,0.06,0.4
11,Jansen Vandoorn Daniel,MB,139499,2021,Canada,Canada,32,207,42,2.8,32,0.55,2.13,10,0.2,0.67,0,0,0
12,Van Berkel Lucas,MB,136296,2021,Canada,Canada,30,210,59,4.21,38,0.6,2.71,20,0.24,1.43,1,0.01,0.07
13,Vernon-Evans Sharone,O,157321,2021,Canada,Canada,23,206,129,8.6,103,0.48,6.87,16,0.29,1.07,10,0.09,0.67
14,Loeppky Eric,OH,157327,2021,Canada,Canada,23,197,62,4.43,58,0.45,4.14,2,0.07,0.14,2,0.03,0.14
17,Vigrass Graham,MB,124551,2021,Canada,Canada,32,205,37,4.62,26,0.63,3.25,8,0.19,1,3,0.05,0.38
19,Bann Blair Cameron,L,139490,2021,Canada,Canada,34,184,0,0,0,-,-,0,-,-,0,-,-
20,Szwarc Arthur,O,151871,2021,Canada,Canada,26,209,77,5.13,47,0.57,3.13,20,0.23,1.33,10,0.09,0.67
21,Walsh Brett James,S,143745,2021,Canada,Canada,28,196,4,0.4,1,0.17,0.1,3,0.25,0.3,0,0,0
23,Demyanenko Danny,MB,140042,2021,Canada,Canada,27,196,1,0.12,1,0.33,0.12,0,0,0,0,0,0
,Glenn Hoag,COACH,N/A,2021,Canada,,,,,,,,,,,,,,
1,Chinenyeze Barthélémy,MB,152494,2021,France,France,24,204,111,6.53,84,0.55,4.94,23,0.17,1.35,4,0.02,0.24
2,Grebennikov Jenia,L,119792,2021,France,France,31,188,0,0,0,-,-,0,-,-,0,-,-
4,Patry Jean,O,142694,2021,France,France,25,207,146,10.43,127,0.47,9.07,8,0.14,0.57,11,0.08,0.79
6,Toniutti Benjamin,S,119804,2021,France,France,32,183,5,0.33,1,0.33,0.07,3,0.1,0.2,1,0.01,0.07
7,Tillie Kevin,OH,124518,2021,France,France,31,200,110,6.88,96,0.52,6,9,0.25,0.56,5,0.04,0.31
8,Lyneel Julien,OH,119798,2021,France,France,31,192,9,1.29,6,0.32,0.86,1,0.5,0.14,2,0.06,0.29
9,Ngapeth Earvin,OH,119800,2021,France,France,31,194,134,11.17,111,0.49,9.25,5,0.13,0.42,18,0.11,1.5
11,Brizard Antoine,S,136851,2021,France,France,27,196,49,3.06,26,0.65,1.62,17,0.3,1.06,6,0.04,0.38
12,Boyer Stephen,O,142710,2021,France,France,25,196,127,8.47,113,0.5,7.53,10,0.23,0.67,4,0.04,0.27
14,Le Goff Nicolas,MB,125073,2021,France,France,30,206,82,4.82,51,0.54,3,28,0.26,1.65,3,0.02,0.18
16,Bultor Daryl,MB,142677,2021,France,France,26,197,71,4.18,52,0.57,3.06,11,0.17,0.65,8,0.08,0.47
17,Clevenot Trevor,OH,132948,2021,France,France,27,199,114,8.14,92,0.48,6.57,15,0.31,1.07,7,0.05,0.5
18,Rossard Thibault,OH,136867,2021,France,France,28,194,55,5.5,47,0.49,4.7,0,0,0,8,0.09,0.8
19,Louati Yacine,OH,120735,2021,France,France,30,198,51,3.92,43,0.37,3.31,4,0.18,0.31,4,0.06,0.31
20,Diez Benjamin,L,152506,2021,France,France,23,183,0,0,0,-,-,0,-,-,0,-,-
21,Faure Théo,O,163309,2021,France,France,22,202,37,7.4,29,0.49,5.8,4,0.17,0.8,4,0.11,0.8
23,Meyer Léo,S,152514,2021,France,France,25,194,2,0.67,1,1,0.33,1,0.33,0.33,0,0,0
24,Gueye Mousse,MB,181197,2021,France,France,25,198,11,0.69,8,0.57,0.5,2,0.2,0.12,1,0.08,0.06
,Laurent TILLIE,COACH,N/A,2021,France,,,,,,,,,,,,,,
1,Fromm Christian,OH,119779,2021,Germany,Germany,31,204,71,4.73,66,0.44,4.4,2,0.09,0.13,3,0.05,0.2
3,Schott Ruben,OH,136441,2021,Germany,Germany,27,193,106,7.07,85,0.41,5.67,3,0.06,0.2,18,0.1,1.2
5,Reichert Moritz,OH,139386,2021,Germany,Germany,27,194,89,5.93,78,0.39,5.2,7,0.22,0.47,4,0.03,0.27
6,Kaliberda Denys,OH,119775,2021,Germany,Germany,31,193,54,4.15,47,0.46,3.62,5,0.26,0.38,2,0.03,0.15
7,Sossenheimer David,L,156599,2021,Germany,Germany,25,193,23,1.92,17,0.41,1.42,1,0.08,0.08,5,0.08,0.42
8,Böhme Marcus,MB,116015,2021,Germany,Germany,36,212,29,2.23,25,0.6,1.92,4,0.1,0.31,0,0,0
10,Zenger Julian,L,152470,2021,Germany,Germany,24,190,0,0,0,-,-,0,-,-,0,-,-
11,Kampa Lukas,S,116575,2021,Germany,Germany,35,196,-,-,-,-,-,-,-,-,-,-,-
13,Hirsch Simon,O,136253,2021,Germany,Germany,29,205,74,5.29,63,0.4,4.5,8,0.22,0.57,3,0.04,0.21
15,Baxpöhler Noah,MB,156596,2021,Germany,Germany,28,210,15,1.5,11,0.69,1.1,4,0.17,0.4,0,0,0
16,Burggräf Eric,S,162788,2021,Germany,Germany,23,184,2,0.13,0,-,-,0,-,-,2,0.12,0.13
17,Zimmermann Jan,S,136442,2021,Germany,Germany,29,190,23,1.53,8,0.42,0.53,8,0.13,0.53,7,0.04,0.47
18,Krage Florian,MB,162790,2021,Germany,Germany,25,203,74,5.69,50,0.56,3.85,20,0.23,1.54,4,0.03,0.31
19,Röhrs Erik,OH,174660,2021,Germany,Germany,20,194,7,0.54,5,0.42,0.38,0,0,0,2,0.25,0.15
20,Weber Linus,O,162082,2021,Germany,Germany,22,203,154,11.85,128,0.45,9.85,14,0.25,1.08,12,0.09,0.92
21,Krick Tobias,MB,152349,2021,Germany,Germany,23,210,115,8.21,83,0.64,5.93,28,0.23,2,4,0.03,0.29
25,Maase Lukas,MB,152352,2021,Germany,Germany,23,208,0,0,0,0,0,0,0,0,0,-,-
,Andrea Giani,COACH,N/A,2021,Germany,,,,,,,,,,,,,,
2,Ebadipour Ghara H. Milad,OH,136751,2021,Iran,Iran,28,196,99,7.62,82,0.4,6.31,11,0.28,0.85,6,0.04,0.46
3,Abedini Reza,MB,150817,2021,Iran,Iran,30,203,18,1.64,8,0.67,0.73,9,0.38,0.82,1,0.03,0.09
4,Marouflakrani Mir Saeid,S,117478,2021,Iran,Iran,36,189,10,0.77,8,0.4,0.62,0,0,0,2,0.02,0.15
6,MoUnited Statesvi Eraghi Seyed Mohammad,MB,118827,2021,Iran,Iran,34,203,103,7.36,66,0.55,4.71,30,0.28,2.14,7,0.06,0.5
7,Fayazi D. Purya,OH,162173,2021,Iran,Iran,29,195,2,0.18,2,0.13,0.18,0,0,0,0,0,0
8,Hazratpourtalatappeh Mohammadreza,L,163176,2021,Iran,Iran,22,187,0,0,0,-,-,0,-,-,0,-,-
9,Gholami Masoud,MB,142078,2021,Iran,Iran,31,204,63,4.2,41,0.54,2.73,17,0.24,1.13,5,0.04,0.33
10,Ghafour Amir,O,124584,2021,Iran,Iran,30,202,36,7.2,33,0.57,6.6,3,0.27,0.6,0,0,0
11,Kazemi Saber,O,164188,2021,Iran,Iran,23,205,177,12.64,152,0.45,10.86,10,0.2,0.71,15,0.09,1.07
12,Sharifi Morteza,OH,152742,2021,Iran,Iran,22,193,26,2.36,21,0.42,1.91,2,0.15,0.18,3,0.1,0.27
15,Mojarad Aliasghar,MB,152743,2021,Iran,Iran,24,205,42,3.82,25,0.57,2.27,16,0.34,1.45,1,0.02,0.09
17,Salehi Meisam,OH,162557,2021,Iran,Iran,23,198,160,10.67,138,0.55,9.2,14,0.26,0.93,8,0.05,0.53
18,Vadi Mohammad Taher,S,119750,2021,Iran,Iran,32,194,8,0.89,3,0.38,0.33,3,0.27,0.33,2,0.04,0.22
21,Salehi Arman,L,181182,2021,Iran,Iran,29,180,0,0,0,-,-,0,-,-,0,-,-
22,Esfandiar Amirhossein,OH,152752,2021,Iran,Iran,23,209,77,5.5,60,0.48,4.29,5,0.14,0.36,12,0.11,0.86
23,Saadat Bardia,O,168551,2021,Iran,Iran,19,205,75,5.36,68,0.5,4.86,2,0.08,0.14,5,0.09,0.36
24,Karimisouchelmaei Javad,S,152755,2021,Iran,Iran,24,204,8,1.33,1,0.2,0.17,4,0.57,0.67,3,0.12,0.5
,VLADIMIR ALEKNO,COACH,N/A,2021,Iran,,,,,,,,,,,,,,
1,Gardini Davide,OH,152422,2021,Italy,Italy,23,205,5,0.42,5,0.36,0.42,0,0,0,0,0,0
7,Balaso Fabio,L,150436,2021,Italy,Italy,26,178,0,0,0,-,-,0,-,-,0,-,-
15,Sbertoli Riccardo,S,152370,2021,Italy,Italy,23,188,18,1.2,7,0.39,0.47,6,0.1,0.4,5,0.04,0.33
18,Michieletto Alessandro,OH,171191,2021,Italy,Italy,20,205,181,12.07,152,0.5,10.13,19,0.37,1.27,10,0.06,0.67
20,Nelli Gabriele,O,137823,2021,Italy,Italy,28,210,125,9.62,108,0.45,8.31,5,0.09,0.38,12,0.1,0.92
21,Spirito Luca,S,143692,2021,Italy,Italy,28,196,17,1.13,5,0.29,0.33,10,0.32,0.67,2,0.03,0.13
23,Pinali Giulio,O,162518,2021,Italy,Italy,24,199,106,7.07,92,0.51,6.13,5,0.09,0.33,9,0.09,0.6
24,Cavuto Oreste,OH,152492,2021,Italy,Italy,25,196,49,3.27,45,0.46,3,2,0.12,0.13,2,0.04,0.13
25,Vitelli Marco,MB,150435,2021,Italy,Italy,25,203,26,2.36,15,0.44,1.36,8,0.22,0.73,3,0.04,0.27
26,Cortesia Lorenzo,MB,163028,2021,Italy,Italy,22,198,86,6.14,49,0.56,3.5,28,0.25,2,9,0.05,0.64
27,Scanferla Leonardo,L,181128,2021,Italy,Italy,23,184,0,-,0,-,-,0,-,-,0,-,-
28,Recine Francesco,OH,163033,2021,Italy,Italy,23,186,133,8.87,117,0.41,7.8,13,0.28,0.87,3,0.02,0.2
29,Bottolo Mattia,OH,163447,2021,Italy,Italy,22,196,89,5.93,68,0.36,4.53,10,0.27,0.67,11,0.1,0.73
30,Mosca Leandro Ausibio,MB,174074,2021,Italy,Italy,21,208,69,4.93,47,0.56,3.36,21,0.23,1.5,1,0.01,0.07
31,Federici Filippo,L,163025,2021,Italy,Italy,21,172,0,0,0,-,-,0,-,-,0,-,-
,Antonio Valentini,COACH,N/A,2021,Italy,,,,,,,,,,,,,,
1,Shimizu Kunihiro,O,118511,2021,Japan,Japan,35,193,111,8.54,103,0.47,7.92,5,0.14,0.38,3,0.03,0.23
2,Onodera Taishi,MB,142565,2021,Japan,Japan,26,200,66,5.08,49,0.49,3.77,13,0.22,1,4,0.03,0.31
3,Fujii Naonobu,S,162104,2021,Japan,Japan,30,183,5,0.56,2,0.5,0.22,2,0.14,0.22,1,0.01,0.11
4,Otake Issei,O,142575,2021,Japan,Japan,26,202,54,9,49,0.5,8.17,3,0.15,0.5,2,0.06,0.33
5,Fukuzawa Tatsuya,OH,114415,2021,Japan,Japan,35,189,33,2.36,33,0.4,2.36,0,0,0,0,0,0
6,Yamauchi Akihiro,MB,146409,2021,Japan,Japan,28,204,60,4,45,0.52,3,12,0.22,0.8,3,0.03,0.2
11,Nishida Yuji,O,163519,2021,Japan,Japan,22,187,41,8.2,36,0.51,7.2,5,0.36,1,0,0,0
12,Sekita Masahiro,S,133009,2021,Japan,Japan,28,175,7,0.5,1,0.14,0.07,2,0.08,0.14,4,0.04,0.29
13,Oya Masaki,S,142570,2021,Japan,Japan,26,178,0,0,0,0,0,0,0,0,0,0,0
14,Ishikawa Yuki,OH,142568,2021,Japan,Japan,26,191,169,12.07,149,0.55,10.64,11,0.18,0.79,9,0.06,0.64
15,Ri Haku,MB,146410,2021,Japan,Japan,31,193,42,2.8,30,0.56,2,8,0.12,0.53,4,0.04,0.27
16,Takahashi Kentaro,MB,142561,2021,Japan,Japan,27,202,31,3.1,25,0.58,2.5,6,0.29,0.6,0,0,0
17,Takanashi Kenta,OH,153365,2021,Japan,Japan,25,190,76,5.43,73,0.5,5.21,2,0.13,0.14,1,0.01,0.07
19,Otsuka Tatsunori,OH,163516,2021,Japan,Japan,21,194,74,4.93,66,0.35,4.4,6,0.21,0.4,2,0.02,0.13
20,Yamamoto Tomohiro,L,172893,2021,Japan,Japan,27,171,0,0,0,-,-,0,-,-,0,-,-
21,Takahashi Ran,OH,178762,2021,Japan,Japan,20,188,118,7.87,106,0.5,7.07,5,0.19,0.33,7,0.05,0.47
24,Ogawa Tomohiro,L,180990,2021,Japan,Japan,25,176,0,0,0,-,-,0,-,-,0,-,-
,Yuichi NAKAGAICHI,COACH,N/A,2021,Japan,,,,,,,,,,,,,,
2,Keemink Wessel,S,141546,2021,Netherlands,Netherlands,28,197,10,1,3,0.3,0.3,5,0.19,0.5,2,0.02,0.2
4,Ter Horst Thijs,OH,137345,2021,Netherlands,Netherlands,30,204,107,9.73,99,0.52,9,5,0.16,0.45,3,0.04,0.27
5,van Der Ent Cornelis Luuc,MB,169921,2021,Netherlands,Netherlands,23,208,25,2.27,18,0.56,1.64,6,0.11,0.55,1,0.02,0.09
6,Dronkers Just,L,156591,2021,Netherlands,Netherlands,28,187,0,0,0,-,-,0,-,-,0,-,-
7,Jorna Gijs,OH,131980,2021,Netherlands,Netherlands,32,196,3,0.5,3,0.14,0.5,0,0,0,0,0,0
8,Plak Fabian,MB,156678,2021,Netherlands,Netherlands,24,198,57,4.38,46,0.58,3.54,9,0.18,0.69,2,0.02,0.15
10,van Zeist Maikel,MB,176493,2021,Netherlands,Netherlands,27,200,17,1.42,12,0.46,1,4,0.18,0.33,1,0.02,0.08
12,Tuinstra Bennie Junior,OH,170436,2021,Netherlands,Netherlands,21,200,135,9.64,118,0.4,8.43,6,0.13,0.43,11,0.06,0.79
13,Ottevanger Steven,L,176460,2021,Netherlands,Netherlands,27,183,0,0,0,-,-,0,-,-,0,-,-
14,Abdel-Aziz Nimir,O,137498,2021,Netherlands,Netherlands,30,201,264,22,218,0.53,18.17,10,0.16,0.83,36,0.19,3
15,van Solkema Gijs,S,164837,2021,Netherlands,Netherlands,23,193,2,0.17,1,0.5,0.08,1,0.17,0.08,0,0,0
17,Parkinson Michael,MB,137337,2021,Netherlands,Netherlands,30,203,67,5.15,49,0.7,3.77,16,0.21,1.23,2,0.03,0.15
18,Andringa Robbert,L,121992,2021,Netherlands,Netherlands,31,192,77,5.5,58,0.38,4.14,10,0.23,0.71,9,0.08,0.64
19,de Weijer Freek,S,162642,2021,Netherlands,Netherlands,26,191,7,0.64,2,0.29,0.18,4,0.14,0.36,1,0.01,0.09
21,van Schie Stijn,OH,162095,2021,Netherlands,Netherlands,27,203,11,0.92,9,0.26,0.75,2,0.29,0.17,0,0,0
22,Wiltenburg Twan,MB,150703,2021,Netherlands,Netherlands,25,205,29,2.07,16,0.47,1.14,6,0.13,0.43,7,0.06,0.5
25,van Tilburg Stijn,O,169923,2021,Netherlands,Netherlands,25,203,60,4,51,0.41,3.4,2,0.07,0.13,7,0.1,0.47
,Roberto Piazza,COACH,N/A,2021,Netherlands,,,,,,,,,,,,,,
1,Nowakowski Piotr,MB,120245,2021,Poland,Poland,34,205,56,4.67,32,0.67,2.67,21,0.25,1.75,3,0.04,0.25
2,Muzaj Maciej,O,156531,2021,Poland,Poland,27,208,53,4.82,37,0.41,3.36,7,0.16,0.64,9,0.14,0.82
4,Komenda Marcin,S,153389,2021,Poland,Poland,25,198,1,0.33,1,1,0.33,0,-,-,0,0,0
5,Kaczmarek Lukasz,O,162105,2021,Poland,Poland,27,204,63,5.25,48,0.45,4,13,0.37,1.08,2,0.03,0.17
6,Kurek Bartosz,O,115806,2021,Poland,Poland,33,205,112,10.18,97,0.51,8.82,13,0.23,1.18,2,0.02,0.18
9,Leon Venero Wilfredo,OH,119646,2021,Poland,Poland,28,202,127,9.77,86,0.49,6.62,9,0.3,0.69,32,0.23,2.46
10,Wojtaszek Damian,L,135322,2021,Poland,Poland,33,180,0,0,0,-,-,0,-,-,0,-,-
11,Drzyzga Fabian,S,118612,2021,Poland,Poland,32,196,22,1.29,2,0.29,0.12,8,0.21,0.47,12,0.08,0.71
12,Lomacz Grzegorz,S,115794,2021,Poland,Poland,34,187,6,0.35,2,1,0.12,3,0.14,0.18,1,0.01,0.06
13,Kubiak Michal,OH,115845,2021,Poland,Poland,34,191,88,7.33,78,0.44,6.5,7,0.18,0.58,3,0.02,0.25
14,Sliwka Aleksander,OH,142679,2021,Poland,Poland,26,196,45,3,41,0.47,2.73,2,0.14,0.13,2,0.03,0.13
15,Kochanowski Jakub,MB,152870,2021,Poland,Poland,24,199,61,5.08,45,0.62,3.75,12,0.2,1,4,0.04,0.33
16,Semeniuk Kamil,OH,153395,2021,Poland,Poland,25,195,73,5.62,61,0.5,4.69,11,0.34,0.85,1,0.02,0.08
17,Zatorski Pawel,L,118614,2021,Poland,Poland,31,184,0,0,0,-,-,0,-,-,0,-,-
20,Bieniek Mateusz,MB,150734,2021,Poland,Poland,27,210,106,8.15,67,0.57,5.15,22,0.22,1.69,17,0.11,1.31
21,Fornal Tomasz,OH,152866,2021,Poland,Poland,24,198,45,3.75,35,0.58,2.92,2,0.17,0.17,8,0.17,0.67
22,Bednorz Bartosz,OH,150742,2021,Poland,Poland,27,201,36,4,21,0.34,2.33,7,0.47,0.78,8,0.2,0.89
77,Klos Karol,MB,118618,2021,Poland,Poland,32,201,40,3.64,26,0.67,2.36,13,0.22,1.18,1,0.01,0.09
99,Huber Norbert,MB,152869,2021,Poland,Poland,23,204,23,1.92,14,0.64,1.17,5,0.22,0.42,4,0.16,0.33
,Vital HEYNEN,COACH,N/A,2021,Poland,,,,,,,,,,,,,,
1,Podlesnykh Yaroslav,OH,168238,2021,Russia,Russia,27,198,67,4.79,54,0.45,3.86,6,0.19,0.43,7,0.07,0.5
2,Vlasov Ilia,MB,142651,2021,Russia,Russia,26,212,79,5.27,50,0.6,3.33,27,0.25,1.8,2,0.03,0.13
4,Volvich Artem,MB,119817,2021,Russia,Russia,32,208,100,6.67,67,0.68,4.47,28,0.25,1.87,5,0.03,0.33
6,Baranov Evgeny,L,148521,2021,Russia,Russia,26,180,0,0,0,-,-,0,-,-,0,-,-
7,Volkov Dmitry,OH,142648,2021,Russia,Russia,26,201,114,8.14,93,0.5,6.64,10,0.26,0.71,11,0.09,0.79
9,Iakovlev Ivan,MB,142657,2021,Russia,Russia,26,207,0,-,0,-,-,0,-,-,0,-,-
10,Bogdan Denis,OH,153362,2021,Russia,Russia,25,200,49,3.27,36,0.43,2.4,7,0.21,0.47,6,0.07,0.4
11,Pankov Pavel,S,136632,2021,Russia,Russia,26,198,20,1.33,5,0.83,0.33,9,0.2,0.6,6,0.07,0.4
13,Muserskiy Dmitriy,O,122265,2021,Russia,Russia,33,218,40,5.71,32,0.54,4.57,5,0.2,0.71,3,0.08,0.43
15,Poletaev Victor,O,142635,2021,Russia,Russia,26,197,61,4.07,56,0.52,3.73,2,0.08,0.13,3,0.03,0.2
17,Mikhaylov Maxim,O,117184,2021,Russia,Russia,34,202,201,14.36,167,0.52,11.93,17,0.26,1.21,17,0.09,1.21
18,Kliuka Egor,OH,152885,2021,Russia,Russia,26,209,154,11,132,0.46,9.43,12,0.19,0.86,10,0.06,0.71
20,Kurkaev Ilyas,MB,143711,2021,Russia,Russia,28,207,84,5.6,59,0.67,3.93,21,0.25,1.4,4,0.05,0.27
24,Kobzar Igor,S,124794,2021,Russia,Russia,30,198,30,2,10,0.45,0.67,7,0.11,0.47,13,0.08,0.87
27,Golubev Valentin,L,132391,2021,Russia,Russia,29,190,0,0,0,-,-,0,-,-,0,-,-
,Tuomas Sammelvuo,COACH,N/A,2021,Russia,,,,,,,,,,,,,,
2,Kovacevic Uros,OH,124926,2021,Serbia,Serbia,28,197,149,14.9,126,0.49,12.6,16,0.26,1.6,7,0.05,0.7
3,Kapur Milorad,L,136360,2021,Serbia,Serbia,31,181,0,0,0,-,-,0,-,-,0,-,-
6,Pekovic Nikola,L,150383,2021,Serbia,Serbia,32,176,0,0,0,-,-,0,-,-,0,-,-
7,Krsmanovic Petar,MB,146579,2021,Serbia,Serbia,31,205,148,9.87,106,0.67,7.07,32,0.22,2.13,10,0.04,0.67
8,Ivovic Marko,OH,132022,2021,Serbia,Serbia,31,194,190,12.67,158,0.52,10.53,12,0.17,0.8,20,0.09,1.33
9,Jovovic Nikola,S,124911,2021,Serbia,Serbia,30,197,15,1,5,0.42,0.33,8,0.18,0.53,2,0.01,0.13
10,Kujundžić Miran,OH,162122,2021,Serbia,Serbia,24,196,30,2.14,26,0.42,1.86,2,0.14,0.14,2,0.06,0.14
11,Batak Aleksa,S,173249,2021,Serbia,Serbia,22,198,0,0,0,-,-,0,-,-,0,-,-
12,Peric Pavle,OH,173251,2021,Serbia,Serbia,23,207,56,3.73,44,0.48,2.93,8,0.33,0.53,4,0.06,0.27
13,Simic Stevan,MB,143792,2021,Serbia,Serbia,26,201,14,1.17,11,0.85,0.92,3,0.2,0.25,0,0,0
14,Atanasijevic Aleksandar,O,124915,2021,Serbia,Serbia,30,200,128,8.53,114,0.49,7.6,6,0.11,0.4,8,0.07,0.53
16,Luburic Drazen,O,143794,2021,Serbia,Serbia,28,202,159,10.6,133,0.51,8.87,7,0.16,0.47,19,0.15,1.27
18,Podrascanin Marko,MB,116525,2021,Serbia,Serbia,34,204,140,9.33,87,0.67,5.8,44,0.27,2.93,9,0.04,0.6
21,Todorovic Vuk,S,173250,2021,Serbia,Serbia,23,190,4,0.31,2,0.67,0.15,1,0.06,0.08,1,0.02,0.08
23,Vucicevic Bozidar,O,168276,2021,Serbia,Serbia,23,205,0,0,0,0,0,0,-,-,0,-,-
26,Kovac Davide,OH,146751,2021,Serbia,Serbia,22,192,5,0.33,4,0.27,0.27,1,0.2,0.07,0,0,0
,Slobodan KOVAČ,COACH,N/A,2021,Serbia,,,,,,,,,,,,,,
1,Štern Tonček,O,151390,2021,Slovenia,Slovenia,26,200,182,12.13,154,0.49,10.27,15,0.19,1,13,0.07,0.87
2,Pajenk Alen,MB,114962,2021,Slovenia,Slovenia,35,203,140,8.24,102,0.65,6,20,0.18,1.18,18,0.07,1.06
3,Pernuš Gregor,S,181130,2021,Slovenia,Slovenia,22,195,1,0.25,0,-,-,1,1,0.25,0,0,0
4,Kozamernik Jan,MB,151391,2021,Slovenia,Slovenia,26,204,99,6.19,65,0.59,4.06,27,0.2,1.69,7,0.04,0.44
5,Šket Alen,O,119022,2021,Slovenia,Slovenia,33,205,32,2,27,0.41,1.69,2,0.08,0.12,3,0.06,0.19
6,Gasparini Mitja,O,114952,2021,Slovenia,Slovenia,37,202,22,1.38,19,0.41,1.19,2,0.5,0.12,1,0.04,0.06
9,Vincic Dejan,S,114956,2021,Slovenia,Slovenia,35,200,4,0.29,0,0,0,2,0.29,0.14,2,0.12,0.14
10,Štalekar Sašo,MB,151404,2021,Slovenia,Slovenia,25,214,5,0.45,2,0.25,0.18,3,0.27,0.27,0,0,0
11,Štern Žiga,OH,155920,2021,Slovenia,Slovenia,28,193,41,2.41,37,0.49,2.18,2,0.25,0.12,2,0.06,0.12
12,Klobucar Jan,L,154546,2021,Slovenia,Slovenia,29,196,0,0,0,0,0,0,-,-,0,0,0
13,Kovačič Jani,L,144415,2021,Slovenia,Slovenia,29,186,0,0,0,-,-,0,-,-,0,-,-
15,Videčnik Matic,MB,161754,2021,Slovenia,Slovenia,28,203,5,0.36,4,0.67,0.29,0,0,0,1,0.04,0.07
16,Ropret Gregor,S,119018,2021,Slovenia,Slovenia,33,192,36,2.12,12,0.63,0.71,11,0.16,0.65,13,0.06,0.76
17,Urnaut Tine,OH,114957,2021,Slovenia,Slovenia,33,200,160,9.41,150,0.47,8.82,7,0.14,0.41,3,0.02,0.18
18,Čebulj Klemen,OH,136918,2021,Slovenia,Slovenia,30,202,234,13.76,200,0.47,11.76,19,0.25,1.12,15,0.07,0.88
19,Možič Rok,OH,168747,2021,Slovenia,Slovenia,20,200,75,4.41,66,0.57,3.88,7,0.23,0.41,2,0.04,0.12
,ALBERTO GIULIANI,COACH,N/A,2021,Slovenia,,,,,,,,,,,,,,
1,Anderson Matthew,O,118893,2021,United States,United States,34,202,89,9.89,77,0.55,8.56,7,0.21,0.78,5,0.07,0.56
3,Sander Taylor,OH,124941,2021,United States,United States,30,196,56,9.33,43,0.54,7.17,8,0.38,1.33,5,0.11,0.83
4,Jendryk II Jeffrey,MB,147721,2021,United States,United States,26,208,34,2.62,23,0.53,1.77,10,0.3,0.77,1,0.02,0.08
5,Ensing Kyle,O,147417,2021,United States,United States,25,201,88,6.29,70,0.44,5,14,0.25,1,4,0.05,0.29
6,Stahl Mitchell,MB,140185,2021,United States,United States,27,203,64,4.92,39,0.55,3,15,0.22,1.15,10,0.1,0.77
7,Shoji Kawika,S,118913,2021,United States,United States,34,190,14,1.08,7,0.88,0.54,5,0.22,0.38,2,0.04,0.15
8,Defalco Torey,OH,139254,2021,United States,United States,24,198,148,9.87,126,0.47,8.4,18,0.32,1.2,4,0.03,0.27
9,Hanes Jake,O,170104,2021,United States,United States,23,210,2,0.5,2,0.67,0.5,0,0,0,0,0,0
11,Christenson Micah,S,124879,2021,United States,United States,28,198,34,2.83,16,0.44,1.33,5,0.1,0.42,13,0.08,1.08
12,Holt Maxwell,MB,118901,2021,United States,United States,35,205,61,5.08,40,0.53,3.33,15,0.29,1.25,6,0.06,0.5
13,Patch Benjamin,O,136074,2021,United States,United States,27,203,64,7.11,55,0.48,6.11,7,0.41,0.78,2,0.04,0.22
15,Sander Brenden,OH,147725,2021,United States,United States,26,193,18,1.64,14,0.34,1.27,2,0.25,0.18,2,0.08,0.18
16,Tuaniga Joshua,S,147543,2021,United States,United States,25,191,4,0.8,4,0.67,0.8,0,0,0,0,0,0
17,Jaeschke Thomas,OH,143682,2021,United States,United States,28,198,54,4.5,43,0.42,3.58,6,0.21,0.5,5,0.08,0.42
18,Muagututia Garrett,OH,133463,2021,United States,United States,34,205,90,6,78,0.46,5.2,4,0.13,0.27,8,0.06,0.53
19,Averill Taylor,MB,148120,2021,United States,United States,30,201,21,3,17,0.63,2.43,4,0.29,0.57,0,0,0
20,Smith David,MB,116069,2021,United States,United States,36,201,60,4.29,42,0.54,3,9,0.15,0.64,9,0.08,0.64
21,Watten Dustin,L,133895,2021,United States,United States,35,182,0,0,0,-,-,0,-,-,0,-,-
22,Shoji Erik,L,119732,2021,United States,United States,32,184,0,0,0,-,-,0,-,-,0,-,-
,John Speraw,COACH,N/A,2021,United States,,,,,,,,,,,,,,
1,Sanchez Matias,S,142412,2022,Argentina,Argentina,26,175,8,0.67,5,0.45,0.42,2,0.09,0.17,1,0.01,0.08
2,Scarpa Tobias,L,174866,2022,Argentina,Argentina,21,180,-,-,-,-,-,-,-,-,-,-,-
3,Martinez Franchi Jan,U,142410,2022,Argentina,Argentina,25,190,-,-,-,-,-,-,-,-,-,-,-
4,Gallego Joaquin,MB,142411,2022,Argentina,Argentina,26,204,41,3.42,26,0.54,2.17,15,0.3,1.25,0,0,0
5,Urchevich Pablo,S,171315,2022,Argentina,Argentina,21,189,-,-,-,-,-,-,-,-,-,-,-
6,Martina Federico,O,132647,2022,Argentina,Argentina,30,202,-,-,-,-,-,-,-,-,-,-,-
7,Conte Facundo,OH,118886,2022,Argentina,Argentina,33,197,-,-,-,-,-,-,-,-,-,-,-
8,Loser Agustin,MB,152692,2022,Argentina,Argentina,25,198,129,10.75,95,0.58,7.92,26,0.17,2.17,8,0.05,0.67
9,Danani Santiago,L,153053,2022,Argentina,Argentina,27,176,0,0,0,-,-,0,-,-,0,-,-
10,Lazo Nicolás,OH,136737,2022,Argentina,Argentina,27,192,32,2.67,30,0.45,2.5,0,0,0,2,0.04,0.17
11,Armoa Manuel,OH,174853,2022,Argentina,Argentina,20,195,31,2.58,22,0.3,1.83,7,0.39,0.58,2,0.06,0.17
12,Lima Bruno,O,142415,2022,Argentina,Argentina,27,198,158,13.17,136,0.51,11.33,12,0.17,1,10,0.07,0.83
13,Palacios Ezequiel,OH,125048,2022,Argentina,Argentina,30,198,148,12.33,130,0.49,10.83,9,0.1,0.75,9,0.06,0.75
14,Mendez Nicolas,OH,125049,2022,Argentina,Argentina,30,191,-,-,-,-,-,-,-,-,-,-,-
15,De Cecco Luciano,S,117457,2022,Argentina,Argentina,34,191,10,2.5,2,0.25,0.5,3,0.11,0.75,5,0.07,1.25
16,Palonsky Luciano,OH,162546,2022,Argentina,Argentina,23,198,78,6.5,76,0.5,6.33,1,0.04,0.08,1,0.01,0.08
17,Vicentin Luciano,OH,163555,2022,Argentina,Argentina,22,197,74,6.17,63,0.41,5.25,6,0.17,0.5,5,0.05,0.42
18,Ramos Martin,MB,125047,2022,Argentina,Argentina,31,197,27,2.25,20,0.51,1.67,6,0.16,0.5,1,0.02,0.08
19,Massimino Franco,L,135349,2022,Argentina,Argentina,34,177,0,0,0,-,-,0,-,-,0,-,-
20,Zelayeta Mauro,OH,160816,2022,Argentina,Argentina,23,190,-,-,-,-,-,-,-,-,-,-,-
22,Zerba Nicolas,MB,162543,2022,Argentina,Argentina,23,203,37,3.08,26,0.49,2.17,8,0.09,0.67,3,0.04,0.25
23,Rajczakowski Flavio,MB,162542,2022,Argentina,Argentina,24,200,-,-,-,-,-,-,-,-,-,-,-
24,Balague Manuel,O,152699,2022,Argentina,Argentina,24,190,-,-,-,-,-,-,-,-,-,-,-
66,Medina Franco,MB,163557,2022,Argentina,Argentina,23,197,-,-,-,-,-,-,-,-,-,-,-
77,Giraudo Matias,S,142420,2022,Argentina,Argentina,25,196,9,1.12,4,0.67,0.5,2,0.25,0.25,3,0.11,0.38
,Marcelo Rodolfo MENDEZ,COACH,N/A,2022,Argentina,,,,,,,,,,,,,,
1,Graham Beau,MB,144457,2022,Australia,Australia,28,203,74,6.17,56,0.56,4.67,13,0.18,1.08,5,0.04,0.42
2,Dosanjh Arshdeep,S,144456,2022,Australia,Australia,26,205,30,2.5,20,0.53,1.67,6,0.15,0.5,4,0.04,0.33
3,Pope Lorenzo,OH,174192,2022,Australia,Australia,21,205,148,12.33,134,0.55,11.17,11,0.26,0.92,3,0.03,0.25
4,Holland Jackson,L,160879,2022,Australia,Australia,24,186,0,0,0,-,-,0,-,-,0,-,-
5,Murch Malachi,OH,139052,2022,Australia,Australia,28,197,30,7.5,26,0.45,6.5,4,0.31,1,0,0,0
6,Edgar Thomas,O,125036,2022,Australia,Australia,33,212,-,-,-,-,-,-,-,-,-,-,-
7,Weir James,MB,162077,2022,Australia,Australia,27,204,60,7.5,46,0.59,5.75,10,0.18,1.25,4,0.06,0.5
8,O'Dea Trent,MB,144464,2022,Australia,Australia,28,201,42,3.5,32,0.49,2.67,8,0.19,0.67,2,0.02,0.17
9,Staples Max,OH,135532,2022,Australia,Australia,28,194,28,7,22,0.34,5.5,4,0.31,1,2,0.05,0.5
10,Borgeaud Nicolas,S,151041,2022,Australia,Australia,29,190,-,-,-,-,-,-,-,-,-,-,-
11,Perry Luke,L,144578,2022,Australia,Australia,27,180,0,0,0,-,-,0,-,-,0,-,-
12,Mote Nehemiah,MB,144461,2022,Australia,Australia,29,203,-,-,-,-,-,-,-,-,-,-,-
13,Heptinstall Thomas,O,168641,2022,Australia,Australia,24,206,69,5.75,58,0.39,4.83,4,0.15,0.33,7,0.06,0.58
14,Hazelden Hamish,O,162264,2022,Australia,Australia,26,204,27,3.38,24,0.44,3,2,0.13,0.25,1,0.04,0.12
15,McAinsh Conal Tain,MB,172376,2022,Australia,Australia,25,202,0,-,0,-,-,0,-,-,0,-,-
17,Phillips Korben,MB,181281,2022,Australia,Australia,21,197,0,-,0,-,-,0,-,-,0,-,-
18,Williams Lincoln Alexander,O,132958,2022,Australia,Australia,29,200,-,-,-,-,-,-,-,-,-,-,-
19,D'Arcy-Miles William,O,186917,2022,Australia,Australia,20,211,-,-,-,-,-,-,-,-,-,-,-
21,Butler Nicholas,S,158841,2022,Australia,Australia,25,198,5,0.42,2,0.33,0.17,0,0,0,3,0.06,0.25
23,Flowerday Sam,OH,178207,2022,Australia,Australia,20,191,4,0.33,4,0.25,0.33,0,0,0,0,0,0
26,Sidiropoulos Dimitri,S,172333,2022,Australia,Australia,28,196,-,-,-,-,-,-,-,-,-,-,-
27,Senica Max,OH,162870,2022,Australia,Australia,23,191,31,2.58,30,0.36,2.5,1,0.08,0.08,0,0,0
29,Garrett Ethan,OH,169335,2022,Australia,Australia,22,196,19,1.58,17,0.37,1.42,1,0.08,0.08,1,0.03,0.08
31,Aubrey Matthew,O,162265,2022,Australia,Australia,25,209,23,5.75,21,0.44,5.25,1,0.06,0.25,1,0.04,0.25
33,Bray Lachlan,OH,189191,2022,Australia,Australia,24,196,-,-,-,-,-,-,-,-,-,-,-
,David Preston,COACH,N/A,2022,Australia,,,,,,,,,,,,,,
1,Rezende Bruno Mossa,S,116099,2022,Brazil,Brazil,36,190,16,1.23,5,0.56,0.38,3,0.06,0.23,8,0.05,0.62
2,Andrade Leonardo Henrique,MB,174334,2022,Brazil,Brazil,20,203,0,-,0,-,-,0,-,-,0,-,-
3,De Barros Ferreira João Rafael,OH,136955,2022,Brazil,Brazil,30,193,-,-,-,-,-,-,-,-,-,-,-
4,Cargnin Paese Franco Willian,O,124456,2022,Brazil,Brazil,33,202,3,0.75,3,0.43,0.75,0,0,0,0,-,-
5,Gonçalves Matheus Silva,S,161942,2022,Brazil,Brazil,25,185,-,-,-,-,-,-,-,-,-,-,-
6,Fernandes P.X.Cavalcante Adriano,OH,174908,2022,Brazil,Brazil,21,201,41,3.15,34,0.48,2.62,2,0.11,0.15,5,0.07,0.38
7,Arjona William,S,135380,2022,Brazil,Brazil,43,186,-,-,-,-,-,-,-,-,-,-,-
8,De Souza Wallace,O,112869,2022,Brazil,Brazil,35,198,-,-,-,-,-,-,-,-,-,-,-
9,Leal Hidalgo Yoandy,OH,118928,2022,Brazil,Brazil,34,202,112,12.44,100,0.53,11.11,6,0.13,0.67,6,0.05,0.67
10,Bispo dos Santos Matheus,MB,164313,2022,Brazil,Brazil,26,207,-,-,-,-,-,-,-,-,-,-,-
11,Leao Rodrigo,OH,142721,2022,Brazil,Brazil,26,197,49,3.77,35,0.43,2.69,6,0.24,0.46,8,0.13,0.62
12,Santos Isac,MB,119872,2022,Brazil,Brazil,32,208,67,5.15,47,0.63,3.62,10,0.14,0.77,10,0.09,0.77
13,Kavalkievicz Gabriel,OH,151789,2022,Brazil,Brazil,26,191,7,1.75,7,0.47,1.75,0,0,0,0,0,0
14,Gil Kreling Fernando,S,142744,2022,Brazil,Brazil,27,186,2,0.15,1,0.5,0.08,0,0,0,1,0.03,0.08
15,Nascimento Maique Reis,L,161939,2022,Brazil,Brazil,25,187,0,0,0,-,-,0,-,-,0,-,-
16,Saatkamp Lucas,MB,116081,2022,Brazil,Brazil,37,209,54,6.75,38,0.58,4.75,11,0.2,1.38,5,0.05,0.62
17,Hoss Thales,L,118916,2022,Brazil,Brazil,33,190,0,0,0,-,-,0,-,-,0,-,-
18,Souza Ricardo Lucarelli,OH,136468,2022,Brazil,Brazil,31,196,88,9.78,75,0.51,8.33,6,0.19,0.67,7,0.07,0.78
19,Santos Leandro,MB,136954,2022,Brazil,Brazil,30,197,2,0.15,1,1,0.08,1,0.33,0.08,0,0,0
20,Honorato Henrique Dantas Nóbrega,OH,161930,2022,Brazil,Brazil,26,190,0,0,0,-,-,0,-,-,0,0,0
21,Souza Alan,O,136947,2022,Brazil,Brazil,29,202,113,16.14,98,0.55,14,9,0.2,1.29,6,0.07,0.86
22,Elias Alexandre Figueiredo,L,161911,2022,Brazil,Brazil,25,190,-,-,-,-,-,-,-,-,-,-,-
23,Resende Gualberto Flavio,MB,136956,2022,Brazil,Brazil,29,199,108,8.31,78,0.62,6,29,0.22,2.23,1,0.01,0.08
25,Almeida Cardoso Victor Alexsander,OH,161946,2022,Brazil,Brazil,24,199,0,0,0,0,0,0,-,-,0,0,0
28,Ferreira Souza Darlan,O,174902,2022,Brazil,Brazil,20,192,81,9,75,0.53,8.33,4,0.09,0.44,2,0.03,0.22
,RENAN DAL ZOTTO,COACH,N/A,2022,Brazil,,,,,,,,,,,,,,
1,Karyagin Denis,OH,174445,2022,Bulgaria,Bulgaria,20,206,40,3.33,37,0.45,3.08,1,0.11,0.08,2,0.05,0.17
2,Chavdarov Stefan,MB,180588,2022,Bulgaria,Bulgaria,27,202,27,2.25,21,0.58,1.75,3,0.15,0.25,3,0.06,0.25
3,Kolev Nikolay,MB,173067,2022,Bulgaria,Bulgaria,25,204,77,6.42,58,0.66,4.83,16,0.23,1.33,3,0.02,0.25
4,Atanasov Martin,OH,156676,2022,Bulgaria,Bulgaria,26,197,139,11.58,117,0.46,9.75,7,0.18,0.58,15,0.1,1.25
5,Gotsev Svetoslav,MB,132035,2022,Bulgaria,Bulgaria,32,205,82,6.83,44,0.61,3.67,35,0.38,2.92,3,0.03,0.25
6,Stankov Vladimir,S,162124,2022,Bulgaria,Bulgaria,26,190,-,-,-,-,-,-,-,-,-,-,-
7,Dimitrov Dobromir,S,136489,2022,Bulgaria,Bulgaria,31,198,4,0.33,2,0.33,0.17,0,0,0,2,0.05,0.17
9,Seganov Georgi,S,137012,2022,Bulgaria,Bulgaria,29,197,18,1.5,9,0.47,0.75,8,0.18,0.67,1,0.01,0.08
10,Stankov Svetoslav,S,181285,2022,Bulgaria,Bulgaria,26,195,-,-,-,-,-,-,-,-,-,-,-
11,Grozdanov Aleks,MB,152619,2022,Bulgaria,Bulgaria,24,208,25,6.25,15,0.44,3.75,8,0.14,2,2,0.05,0.5
12,Tatarov Georgi,O,174484,2022,Bulgaria,Bulgaria,19,198,-,-,-,-,-,-,-,-,-,-,-
13,Dimitrov Dimitar,O,180587,2022,Bulgaria,Bulgaria,22,208,-,-,-,-,-,-,-,-,-,-,-
14,Asparuhov Asparuh,OH,168269,2022,Bulgaria,Bulgaria,22,201,48,4,37,0.43,3.08,6,0.26,0.5,5,0.11,0.42
15,Parapunov Radoslav,O,150277,2022,Bulgaria,Bulgaria,25,205,88,7.33,72,0.4,6,12,0.2,1,4,0.04,0.33
16,Ivanov Vladislav,L,118484,2022,Bulgaria,Bulgaria,36,188,0,0,0,-,-,0,-,-,0,-,-
17,Valchinov Samuil,OH,174444,2022,Bulgaria,Bulgaria,21,202,0,-,0,-,-,0,-,-,0,-,-
18,Ivanov Svetoslav,OH,164812,2022,Bulgaria,Bulgaria,22,197,10,0.83,8,0.5,0.67,1,0.2,0.08,1,0.09,0.08
20,Ragin Ventsislav,MB,136483,2022,Bulgaria,Bulgaria,30,201,-,-,-,-,-,-,-,-,-,-,-
21,Petkov Iliya,MB,168268,2022,Bulgaria,Bulgaria,26,200,0,-,0,-,-,0,-,-,0,-,-
22,Kartev Nikolay,MB,162123,2022,Bulgaria,Bulgaria,27,204,-,-,-,-,-,-,-,-,-,-,-
23,Nikolov Aleksandar,OH,180586,2022,Bulgaria,Bulgaria,19,207,172,14.33,150,0.52,12.5,13,0.23,1.08,9,0.06,0.75
24,Ivanov Martin,L,173009,2022,Bulgaria,Bulgaria,31,190,0,0,0,-,-,0,-,-,0,-,-
25,Antov Venislav,O,181806,2022,Bulgaria,Bulgaria,18,196,-,-,-,-,-,-,-,-,-,-,-
26,Zahariev Nikolay,MB,174446,2022,Bulgaria,Bulgaria,22,205,-,-,-,-,-,-,-,-,-,-,-
27,Bozhilov Martin,L,135372,2022,Bulgaria,Bulgaria,34,190,-,-,-,-,-,-,-,-,-,-,-
,Nikolay Jeliazkov,COACH,N/A,2022,Bulgaria,,,,,,,,,,,,,,
1,Canham Jordan,O,168941,2022,Canada,Canada,22,195,-,-,-,-,-,-,-,-,-,-,-
2,Neaves Matthew,O,168922,2022,Canada,Canada,22,208,-,-,-,-,-,-,-,-,-,-,-
3,Elser Jesse,OH,162249,2022,Canada,Canada,23,204,0,0,0,-,-,0,-,-,0,-,-
4,Hoag Nicholas,OH,136291,2022,Canada,Canada,30,200,37,4.11,33,0.49,3.67,2,0.2,0.22,2,0.03,0.22
5,Loeppky Eric,OH,157327,2022,Canada,Canada,24,197,73,9.12,60,0.43,7.5,4,0.24,0.5,9,0.11,1.12
6,Demyanenko Danny,MB,140042,2022,Canada,Canada,28,196,-,-,-,-,-,-,-,-,-,-,-
7,Maar Stephen Timothy,OH,140061,2022,Canada,Canada,28,201,163,13.58,139,0.44,11.58,9,0.14,0.75,15,0.11,1.25
8,Walsh Brett James,S,143745,2022,Canada,Canada,29,196,14,1.75,5,0.38,0.62,5,0.17,0.62,4,0.06,0.5
9,Blankenau Jay,S,124553,2022,Canada,Canada,33,194,4,0.5,2,0.5,0.25,0,0,0,2,0.07,0.25
10,Sclater Ryan Joseph,O,140428,2022,Canada,Canada,29,200,102,8.5,83,0.5,6.92,10,0.18,0.83,9,0.07,0.75
11,Eshenko Pearson,MB,157324,2022,Canada,Canada,25,204,40,3.33,26,0.46,2.17,12,0.18,1,2,0.03,0.17
12,Van Berkel Lucas,MB,136296,2022,Canada,Canada,31,210,30,2.5,25,0.56,2.08,5,0.07,0.42,0,0,0
13,Elgert Max,S,157588,2022,Canada,Canada,24,191,-,-,-,-,-,-,-,-,-,-,-
14,Ketrzynski Xander,MB,168918,2022,Canada,Canada,23,208,-,-,-,-,-,-,-,-,-,-,-
15,Wilson Marc Major,L,153661,2022,Canada,Canada,31,203,5,0.62,4,0.57,0.5,1,0.17,0.12,0,0,0
16,Schnitzer Jordan,MB,183276,2022,Canada,Canada,23,198,-,-,-,-,-,-,-,-,-,-,-
17,Barnes Ryley Brendan,OH,140057,2022,Canada,Canada,29,200,12,1,12,0.35,1,0,0,0,0,0,0
18,Lui Justin,L,168925,2022,Canada,Canada,22,178,0,0,0,-,-,0,-,-,0,-,-
19,Hofer Brodie,OH,168914,2022,Canada,Canada,22,200,40,3.33,30,0.45,2.5,1,0.08,0.08,9,0.14,0.75
20,Epp Derek,S,157332,2022,Canada,Canada,24,201,3,0.5,2,0.4,0.33,1,0.07,0.17,0,0,0
21,Howe Jackson,MB,169578,2022,Canada,Canada,24,198,60,5,45,0.57,3.75,13,0.16,1.08,2,0.03,0.17
22,Koppers Brandon,OH,148397,2022,Canada,Canada,27,200,-,-,-,-,-,-,-,-,-,-,-
23,McCarthy Fynnian Lionel,MB,162251,2022,Canada,Canada,23,200,-,-,-,-,-,-,-,-,-,-,-
24,Elser Mathias,OH,168908,2022,Canada,Canada,21,198,29,2.42,26,0.47,2.17,2,0.18,0.17,1,0.02,0.08
25,Cooper Samuel,OH,182679,2022,Canada,Canada,21,200,15,2.14,14,0.45,2,0,0,0,1,0.06,0.14
,Benjamin Josephson,COACH,N/A,2022,Canada,,,,,,,,,,,,,,
1,Dai Qingyao,OH,122004,2022,China,China,31,208,-,-,-,-,-,-,-,-,-,-,-
2,Jiang Chuan,O,142855,2022,China,China,28,205,-,-,-,-,-,-,-,-,-,-,-
3,Qu Zongshuai,L,174158,2022,China,China,24,186,-,-,-,-,-,-,-,-,-,-,-
4,Yang Yiming,L,174295,2022,China,China,23,186,0,0,0,-,-,0,-,-,0,-,-
5,Zhang Binglong,OH,153610,2022,China,China,28,197,12,1.2,11,0.46,1.1,0,0,0,1,0.04,0.1
6,Yu Yuantai,OH,152518,2022,China,China,25,186,66,6.6,57,0.45,5.7,6,0.27,0.6,3,0.03,0.3
7,Yu Yaochen,S,142593,2022,China,China,27,195,20,2,8,0.67,0.8,9,0.23,0.9,3,0.03,0.3
8,Yang Tianyuan,L,168272,2022,China,China,28,180,0,0,0,-,-,0,-,-,0,-,-
9,Li Yongzhen,MB,181103,2022,China,China,24,198,68,6.8,43,0.61,4.3,21,0.25,2.1,4,0.04,0.4
10,Liu Meng,S,158965,2022,China,China,28,195,2,0.5,1,0.33,0.25,0,-,-,1,0.14,0.25
11,Jiang Zhengyang,MB,152526,2022,China,China,24,202,20,2,12,0.67,1.2,8,0.38,0.8,0,0,0
12,Zhang Zhejia,MB,142581,2022,China,China,27,207,-,-,-,-,-,-,-,-,-,-,-
13,Chen Leiyang,S,152511,2022,China,China,24,198,-,-,-,-,-,-,-,-,-,-,-
14,Wang Dongchen,MB,173184,2022,China,China,22,200,-,-,-,-,-,-,-,-,-,-,-
15,Peng Shikun,MB,168175,2022,China,China,22,208,67,7.44,45,0.58,5,16,0.26,1.78,6,0.05,0.67
16,Wang Hebin,S,174297,2022,China,China,23,188,2,0.2,1,0.5,0.1,1,0.14,0.1,0,0,0
17,Wang Jingyi,O,152513,2022,China,China,25,202,35,5.83,34,0.49,5.67,1,0.25,0.17,0,0,0
18,Yuan Dangyi,OH,162272,2022,China,China,26,200,1,0.1,1,0.2,0.1,0,0,0,0,0,0
19,Zhang Guanhua,O,182707,2022,China,China,25,202,86,8.6,79,0.46,7.9,6,0.29,0.6,1,0.01,0.1
20,Dai Haibo,MB,189181,2022,China,China,25,201,-,-,-,-,-,-,-,-,-,-,-
21,Miao Ruantong,MB,153096,2022,China,China,27,205,1,0.1,1,0.33,0.1,0,0,0,0,0,0
22,Zhang Jingyin,OH,168271,2022,China,China,23,207,154,15.4,140,0.53,14,5,0.1,0.5,9,0.07,0.9
23,Wu Pengzhi,O,181102,2022,China,China,27,200,-,-,-,-,-,-,-,-,-,-,-
24,Qi Jiahao,L,162470,2022,China,China,23,183,-,-,-,-,-,-,-,-,-,-,-
25,Zhai Dejun,OH,174159,2022,China,China,23,195,-,-,-,-,-,-,-,-,-,-,-
,SHENG WU,COACH,N/A,2022,China,,,,,,,,,,,,,,
1,Chinenyeze Barthélémy,MB,152494,2022,France,France,25,204,102,7.29,75,0.67,5.36,20,0.2,1.43,7,0.06,0.5
2,Grebennikov Jenia,L,119792,2022,France,France,32,188,0,0,0,-,-,0,-,-,0,-,-
3,Corre Raphaël,S,119791,2022,France,France,33,196,6,0.86,1,0.5,0.14,1,0.14,0.14,4,0.1,0.57
4,Patry Jean,O,142694,2022,France,France,26,207,136,9.71,115,0.48,8.21,10,0.22,0.71,11,0.09,0.79
5,Mouiel Jérémie,L,142691,2022,France,France,27,176,0,0,0,-,-,0,-,-,0,-,-
6,Toniutti Benjamin,S,119804,2022,France,France,33,183,1,0.1,0,0,0,1,0.06,0.1,0,0,0
7,Tillie Kevin,OH,124518,2022,France,France,32,200,2,0.5,2,0.29,0.5,0,0,0,0,0,0
9,Ngapeth Earvin,OH,119800,2022,France,France,32,194,138,9.86,116,0.53,8.29,8,0.19,0.57,14,0.09,1
11,Brizard Antoine,S,136851,2022,France,France,28,196,41,3.73,17,0.61,1.55,9,0.2,0.82,15,0.13,1.36
12,Boyer Stephen,O,142710,2022,France,France,26,196,104,7.43,89,0.51,6.36,9,0.24,0.64,6,0.07,0.43
13,Ramon Luca,L,164029,2022,France,France,22,186,-,-,-,-,-,-,-,-,-,-,-
14,Le Goff Nicolas,MB,125073,2022,France,France,31,206,55,5.5,34,0.52,3.4,18,0.27,1.8,3,0.04,0.3
15,Henry Médéric,MB,136855,2022,France,France,27,212,14,1,10,0.42,0.71,4,0.11,0.29,0,0,0
16,Bultor Daryl,MB,142677,2022,France,France,27,197,-,-,-,-,-,-,-,-,-,-,-
17,Clevenot Trevor,OH,132948,2022,France,France,28,199,86,8.6,72,0.51,7.2,4,0.11,0.4,10,0.09,1
19,Louati Yacine,OH,120735,2022,France,France,31,198,85,6.07,69,0.45,4.93,8,0.14,0.57,8,0.07,0.57
20,Diez Benjamin,L,152506,2022,France,France,24,183,0,0,0,-,-,0,-,-,0,-,-
21,Faure Théo,O,163309,2022,France,France,23,202,-,-,-,-,-,-,-,-,-,-,-
22,Derouillon Pierre,OH,152531,2022,France,France,23,197,17,1.21,15,0.48,1.07,0,0,0,2,0.11,0.14
23,Basic Luka,OH,142659,2022,France,France,28,198,-,-,-,-,-,-,-,-,-,-,-
24,Gueye Mousse,MB,181197,2022,France,France,26,198,0,-,0,-,-,0,-,-,0,-,-
25,Jouffroy Quentin,MB,136856,2022,France,France,29,202,47,3.36,25,0.56,1.79,9,0.15,0.64,13,0.11,0.93
26,Rebeyrol François,OH,164022,2022,France,France,23,200,-,-,-,-,-,-,-,-,-,-,-
27,Lawani Ibrahim,O,183115,2022,France,France,21,198,-,-,-,-,-,-,-,-,-,-,-
28,Gill Thomas,S,164020,2022,France,France,22,196,-,-,-,-,-,-,-,-,-,-,-
,Andrea GIANI,COACH,N/A,2022,France,,,,,,,,,,,,,,
1,Fromm Christian,OH,119779,2022,Germany,Germany,32,204,130,11.82,107,0.42,9.73,15,0.29,1.36,8,0.06,0.73
2,Tille Johannes,S,152469,2022,Germany,Germany,25,186,7,1,1,0.5,0.14,3,0.27,0.43,3,0.07,0.43
3,Schott Ruben,OH,136441,2022,Germany,Germany,28,193,-,-,-,-,-,-,-,-,-,-,-
4,Graven Leonard,L,182291,2022,Germany,Germany,18,180,0,0,0,-,-,0,-,-,0,-,-
5,Reichert Moritz,OH,139386,2022,Germany,Germany,28,194,90,8.18,77,0.49,7,5,0.17,0.45,8,0.07,0.73
10,Zenger Julian,L,152470,2022,Germany,Germany,25,190,0,0,0,-,-,0,-,-,0,-,-
11,Kampa Lukas,S,116575,2022,Germany,Germany,36,196,-,-,-,-,-,-,-,-,-,-,-
14,Karlitzek Moritz,OH,156597,2022,Germany,Germany,26,191,-,-,-,-,-,-,-,-,-,-,-
15,Hüther Franz,MB,189255,2022,Germany,Germany,20,213,-,-,-,-,-,-,-,-,-,-,-
16,Burggräf Eric,S,162788,2022,Germany,Germany,24,184,-,-,-,-,-,-,-,-,-,-,-
17,Zimmermann Jan,S,136442,2022,Germany,Germany,30,190,9,0.82,4,0.29,0.36,1,0.03,0.09,4,0.03,0.36
18,Krage Florian,MB,162790,2022,Germany,Germany,26,203,50,4.55,36,0.56,3.27,10,0.15,0.91,4,0.04,0.36
19,Röhrs Erik,OH,174660,2022,Germany,Germany,21,194,2,1,0,0,0,0,-,-,2,0.25,1
20,Weber Linus,O,162082,2022,Germany,Germany,23,203,124,15.5,106,0.45,13.25,10,0.19,1.25,8,0.08,1
21,Krick Tobias,MB,152349,2022,Germany,Germany,24,210,77,7,55,0.55,5,17,0.21,1.55,5,0.07,0.45
22,Brand Tobias,OH,163592,2022,Germany,Germany,24,193,59,5.36,54,0.39,4.91,4,0.11,0.36,1,0.01,0.09
23,Goralik Yannick,MB,183112,2022,Germany,Germany,25,206,0,-,0,-,-,0,-,-,0,-,-
24,Malescha Daniel,O,156598,2022,Germany,Germany,28,203,-,-,-,-,-,-,-,-,-,-,-
25,Maase Lukas,MB,152352,2022,Germany,Germany,24,208,94,10.44,70,0.45,7.78,18,0.18,2,6,0.04,0.67
27,Eckardt Moritz,L,174663,2022,Germany,Germany,21,183,-,-,-,-,-,-,-,-,-,-,-
29,Dervisaj Leon,S,176931,2022,Germany,Germany,26,194,1,0.25,1,1,0.25,0,0,0,0,0,0
32,Ferch Iven,MB,152751,2022,Germany,Germany,25,208,1,0.09,1,1,0.09,0,0,0,0,0,0
38,Peter Tim,OH,152713,2022,Germany,Germany,25,197,9,0.82,7,0.54,0.64,0,0,0,2,0.09,0.18
40,Schulz Max,OH,174640,2022,Germany,Germany,20,200,13,1.62,10,0.38,1.25,3,0.25,0.38,0,0,0
44,Gallas Simon,O,181283,2022,Germany,Germany,21,202,-,-,-,-,-,-,-,-,-,-,-
,Michał WINIARSKI,COACH,N/A,2022,Germany,,,,,,,,,,,,,,
1,Jelveh Ghaziani Mahdi,MB,163173,2022,Iran,Iran,21,208,57,4.38,32,0.54,2.46,20,0.27,1.54,5,0.04,0.38
2,Ebadipour Ghara H. Milad,OH,136751,2022,Iran,Iran,29,196,146,11.23,114,0.48,8.77,14,0.37,1.08,18,0.11,1.38
3,Abedini Reza,MB,150817,2022,Iran,Iran,31,203,5,1.67,2,0.5,0.67,2,0.15,0.67,1,0.09,0.33
5,Toukhteh Amir Hossein,MB,163179,2022,Iran,Iran,21,203,70,5.38,52,0.61,4,8,0.13,0.62,10,0.07,0.77
7,Mosaferdashliboroun Esmaeil,OH,152741,2022,Iran,Iran,25,192,3,0.38,2,0.4,0.25,1,0.33,0.12,0,0,0
8,Hazratpourtalatappeh Mohammadreza,L,163176,2022,Iran,Iran,23,187,0,0,0,-,-,0,-,-,0,-,-
9,Moazzen Mohammadreza,L,153535,2022,Iran,Iran,31,175,0,0,0,-,-,0,-,-,0,-,-
11,Kazemi Saber,O,164188,2022,Iran,Iran,24,205,11,2.75,7,0.28,1.75,0,0,0,4,0.21,1
12,Mirzajanpour M. Mojtaba,OH,124251,2022,Iran,Iran,31,205,-,-,-,-,-,-,-,-,-,-,-
13,Ramezani Ali,S,152753,2022,Iran,Iran,24,200,2,0.25,1,0.33,0.12,0,0,0,1,0.07,0.12
14,Salehi Meisam,OH,162557,2022,Iran,Iran,24,198,-,-,-,-,-,-,-,-,-,-,-
15,Mojarad Aliasghar,MB,152743,2022,Iran,Iran,25,205,-,-,-,-,-,-,-,-,-,-,-
16,Gholipour Gholchi Abolfazl,L,132534,2022,Iran,Iran,30,178,0,-,0,-,-,0,-,-,0,-,-
17,Esmaeilnezhad Amin,O,153539,2022,Iran,Iran,26,203,215,16.54,190,0.54,14.62,12,0.2,0.92,13,0.07,1
18,Vadi Mohammad Taher,S,119750,2022,Iran,Iran,33,194,17,1.31,8,0.62,0.62,6,0.16,0.46,3,0.02,0.23
19,Daneshdoust Ehsan,OH,163174,2022,Iran,Iran,23,192,1,0.2,1,1,0.2,0,-,-,0,-,-
20,Yali Porya,O,152762,2022,Iran,Iran,24,209,-,-,-,-,-,-,-,-,-,-,-
21,Sarlak Amir Reza,MB,174560,2022,Iran,Iran,21,201,7,0.78,5,0.56,0.56,2,0.17,0.22,0,0,0
22,Esfandiar Amirhossein,OH,152752,2022,Iran,Iran,24,209,131,10.08,101,0.49,7.77,14,0.24,1.08,16,0.12,1.23
23,Saadat Bardia,O,168551,2022,Iran,Iran,20,205,5,0.56,4,0.5,0.44,0,0,0,1,0.25,0.11
24,Karimisouchelmaei Javad,S,152755,2022,Iran,Iran,25,204,-,-,-,-,-,-,-,-,-,-,-
25,Pazhooman Fazel,S,189118,2022,Iran,Iran,29,204,0,0,0,0,0,0,-,-,0,0,0
26,Malakisorkhi Mehrab,MB,189175,2022,Iran,Iran,24,206,6,0.46,5,0.5,0.38,0,0,0,1,0.08,0.08
30,Farhadi Amir Hassan,OH,182187,2022,Iran,Iran,25,202,-,-,-,-,-,-,-,-,-,-,-
49,Sharifi Morteza,OH,152742,2022,Iran,Iran,23,193,50,3.85,40,0.55,3.08,3,0.19,0.23,7,0.12,0.54
,Behrouz ATAEI NOURI,COACH,N/A,2022,Iran,,,,,,,,,,,,,,
1,Pinali Giulio,O,162518,2022,Italy,Italy,25,199,29,3.62,26,0.5,3.25,1,0.07,0.12,2,0.08,0.25
2,Ricci Fabio,MB,141638,2022,Italy,Italy,28,204,0,0,0,-,-,0,-,-,0,0,0
3,Recine Francesco,OH,163033,2022,Italy,Italy,24,186,40,5.71,36,0.45,5.14,3,0.15,0.43,1,0.02,0.14
4,Cavuto Oreste,OH,152492,2022,Italy,Italy,26,196,0,0,0,-,-,0,-,-,0,-,-
5,Michieletto Alessandro,OH,171191,2022,Italy,Italy,21,205,120,10.91,100,0.49,9.09,10,0.23,0.91,10,0.07,0.91
6,Giannelli Simone,S,144005,2022,Italy,Italy,26,200,64,4.27,29,0.58,1.93,23,0.27,1.53,12,0.06,0.8
7,Balaso Fabio,L,150436,2022,Italy,Italy,27,178,0,0,0,-,-,0,-,-,0,-,-
8,Sbertoli Riccardo,S,152370,2022,Italy,Italy,24,188,1,0.09,0,-,-,1,0.14,0.09,0,0,0
9,Zaytsev Ivan,OH,120511,2022,Italy,Italy,34,204,34,4.86,31,0.48,4.43,2,0.18,0.29,1,0.03,0.14
10,Falaschi Marco,S,115843,2022,Italy,Italy,35,188,0,0,0,-,-,0,0,0,0,0,0
11,Gardini Davide,OH,152422,2022,Italy,Italy,24,205,0,0,0,0,0,0,0,0,0,0,0
12,Bottolo Mattia,OH,163447,2022,Italy,Italy,23,196,59,3.93,45,0.42,3,5,0.17,0.33,9,0.12,0.6
13,Cortesia Lorenzo,MB,163028,2022,Italy,Italy,23,198,12,1.09,10,0.48,0.91,2,0.13,0.18,0,0,0
14,Galassi Gianluca,MB,152408,2022,Italy,Italy,25,201,90,6,60,0.58,4,21,0.21,1.4,9,0.08,0.6
15,Lavia Daniele,OH,153200,2022,Italy,Italy,23,200,148,13.45,125,0.49,11.36,14,0.27,1.27,9,0.06,0.82
16,Romanò Yuri,O,162520,2022,Italy,Italy,25,201,144,9.6,120,0.47,8,12,0.2,0.8,12,0.09,0.8
17,Anzani Simone,MB,124865,2022,Italy,Italy,31,204,53,4.82,32,0.63,2.91,20,0.27,1.82,1,0.01,0.09
18,Gironi Fabrizio,OH,163032,2022,Italy,Italy,23,200,0,-,0,-,-,0,-,-,0,-,-
19,Russo Roberto,MB,152405,2022,Italy,Italy,26,207,34,4.86,22,0.65,3.14,10,0.25,1.43,2,0.04,0.29
20,Porro Paolo,S,172961,2022,Italy,Italy,21,185,-,-,-,-,-,-,-,-,-,-,-
21,Piccinelli Alessandro,L,152412,2022,Italy,Italy,26,189,0,0,0,-,-,0,-,-,0,-,-
22,Stefani Tommaso,O,172965,2022,Italy,Italy,21,210,-,-,-,-,-,-,-,-,-,-,-
24,Scanferla Leonardo,L,181128,2022,Italy,Italy,24,184,0,0,0,-,-,0,-,-,0,-,-
25,Vitelli Marco,MB,150435,2022,Italy,Italy,26,203,13,3.25,8,0.5,2,2,0.09,0.5,3,0.1,0.75
30,Mosca Leandro Ausibio,MB,174074,2022,Italy,Italy,22,208,14,2.33,9,0.75,1.5,5,0.25,0.83,0,0,0
,FERDINANDO DE GIORGI,COACH,N/A,2022,Italy,,,,,,,,,,,,,,
1,Nishida Yuji,O,163519,2022,Japan,Japan,23,187,201,15.46,162,0.55,12.46,10,0.16,0.77,29,0.18,2.23
2,Onodera Taishi,MB,142565,2022,Japan,Japan,27,200,57,4.38,43,0.59,3.31,9,0.14,0.69,5,0.04,0.38
3,Fukatsu Akihiro,S,118822,2022,Japan,Japan,35,183,-,-,-,-,-,-,-,-,-,-,-
4,Otake Issei,O,142575,2022,Japan,Japan,27,202,-,-,-,-,-,-,-,-,-,-,-
5,Otsuka Tatsunori,OH,163516,2022,Japan,Japan,22,194,68,5.23,65,0.45,5,1,0.04,0.08,2,0.03,0.15
6,Yamauchi Akihiro,MB,146409,2022,Japan,Japan,29,204,76,5.85,62,0.56,4.77,10,0.1,0.77,4,0.03,0.31
7,Takanashi Kenta,OH,153365,2022,Japan,Japan,26,190,38,4.22,35,0.47,3.89,3,0.14,0.33,0,0,0
8,Sekita Masahiro,S,133009,2022,Japan,Japan,29,175,8,0.62,4,0.57,0.31,1,0.02,0.08,3,0.02,0.23
9,Oya Masaki,S,142570,2022,Japan,Japan,27,178,4,0.44,3,0.6,0.33,1,0.06,0.11,0,0,0
10,Takahashi Kentaro,MB,142561,2022,Japan,Japan,28,202,42,4.67,31,0.7,3.44,11,0.2,1.22,0,0,0
11,Tomita Shoma,OH,178761,2022,Japan,Japan,25,190,4,0.5,4,0.22,0.5,0,0,0,0,0,0
12,Takahashi Ran,OH,178762,2022,Japan,Japan,21,188,78,6,69,0.46,5.31,1,0.03,0.08,8,0.07,0.62
13,Ogawa Tomohiro,L,180990,2022,Japan,Japan,26,176,0,0,0,-,-,0,-,-,0,-,-
14,Ishikawa Yuki,OH,142568,2022,Japan,Japan,27,191,164,13.67,122,0.49,10.17,13,0.22,1.08,29,0.17,2.42
16,Miyaura Kento,O,163038,2022,Japan,Japan,24,190,43,4.78,39,0.46,4.33,2,0.11,0.22,2,0.05,0.22
17,Yamazaki Akito,OH,189192,2022,Japan,Japan,25,190,-,-,-,-,-,-,-,-,-,-,-
18,Nakamoto Kenyu,OH,152593,2022,Japan,Japan,25,187,-,-,-,-,-,-,-,-,-,-,-
20,Yamamoto Tomohiro,L,172893,2022,Japan,Japan,28,171,0,0,0,-,-,0,-,-,0,-,-
21,Eiro Motoki,S,142562,2022,Japan,Japan,26,192,4,1,3,0.6,0.75,1,0.09,0.25,0,0,0
22,Higuchi Yuki,OH,153359,2022,Japan,Japan,26,191,-,-,-,-,-,-,-,-,-,-,-
24,Takahashi Kazuyuki,L,189038,2022,Japan,Japan,23,170,-,-,-,-,-,-,-,-,-,-,-
26,Murayama Go,MB,189037,2022,Japan,Japan,24,192,25,1.92,19,0.59,1.46,3,0.13,0.23,3,0.07,0.23
30,Evbade-Dan Larry Ik,MB,189039,2022,Japan,Japan,22,195,-,-,-,-,-,-,-,-,-,-,-
34,Kai Masato,OH,189064,2022,Japan,Japan,19,200,-,-,-,-,-,-,-,-,-,-,-
36,Komiya Yuichiro,MB,150729,2022,Japan,Japan,30,193,-,-,-,-,-,-,-,-,-,-,-
,Philippe BLAIN,COACH,N/A,2022,Japan,,,,,,,,,,,,,,
1,Held Markus,S,181284,2022,Netherlands,Netherlands,22,187,-,-,-,-,-,-,-,-,-,-,-
2,Keemink Wessel,S,141546,2022,Netherlands,Netherlands,29,197,20,1.54,13,0.62,1,5,0.11,0.38,2,0.01,0.15
3,Van Garderen Maarten,OH,139929,2022,Netherlands,Netherlands,33,200,37,4.11,31,0.38,3.44,5,0.26,0.56,1,0.02,0.11
4,Ter Horst Thijs,OH,137345,2022,Netherlands,Netherlands,31,204,78,6.5,66,0.51,5.5,7,0.24,0.58,5,0.08,0.42
5,van Der Ent Cornelis Luuc,MB,169921,2022,Netherlands,Netherlands,24,208,11,0.85,3,0.23,0.23,5,0.17,0.38,3,0.07,0.23
6,Wijkstra Jasper,OH,184894,2022,Netherlands,Netherlands,20,205,-,-,-,-,-,-,-,-,-,-,-
7,Jorna Gijs,OH,131980,2022,Netherlands,Netherlands,33,196,47,3.62,39,0.38,3,4,0.2,0.31,4,0.04,0.31
8,Plak Fabian,MB,156678,2022,Netherlands,Netherlands,25,198,85,6.54,57,0.65,4.38,19,0.2,1.46,9,0.07,0.69
9,Ottevanger Steven,L,176460,2022,Netherlands,Netherlands,28,183,0,-,0,-,-,0,-,-,0,-,-
10,van Tilburg Stijn,O,169923,2022,Netherlands,Netherlands,26,203,19,1.46,18,0.45,1.38,1,0.13,0.08,0,0,0
11,Brilhuis Martijn,O,181318,2022,Netherlands,Netherlands,22,203,-,-,-,-,-,-,-,-,-,-,-
12,Tuinstra Bennie Junior,OH,170436,2022,Netherlands,Netherlands,22,200,122,9.38,99,0.44,7.62,8,0.17,0.62,15,0.1,1.15
13,Bleeker Mats,L,184896,2022,Netherlands,Netherlands,24,180,0,-,0,-,-,0,-,-,0,-,-
14,Abdel-Aziz Nimir,O,137498,2022,Netherlands,Netherlands,31,201,247,19,207,0.5,15.92,10,0.19,0.77,30,0.17,2.31
15,van Solkema Gijs,S,164837,2022,Netherlands,Netherlands,24,193,1,0.12,0,0,0,1,0.14,0.12,0,0,0
17,Parkinson Michael,MB,137337,2022,Netherlands,Netherlands,31,203,17,1.31,13,0.62,1,2,0.1,0.15,2,0.06,0.15
18,Andringa Robbert,L,121992,2022,Netherlands,Netherlands,32,192,0,0,0,-,-,0,-,-,0,-,-
19,de Weijer Freek,S,162642,2022,Netherlands,Netherlands,27,191,0,0,0,-,-,0,0,0,0,0,0
20,Bak Yannick,OH,181317,2022,Netherlands,Netherlands,21,198,-,-,-,-,-,-,-,-,-,-,-
21,Berkhout Joris,S,153711,2022,Netherlands,Netherlands,23,198,-,-,-,-,-,-,-,-,-,-,-
22,Wiltenburg Twan,MB,150703,2022,Netherlands,Netherlands,26,205,43,3.31,20,0.48,1.54,19,0.22,1.46,4,0.04,0.31
23,Boekhoudt Robin,MB,184361,2022,Netherlands,Netherlands,22,205,-,-,-,-,-,-,-,-,-,-,-
24,Hofman Ricardo,O,157237,2022,Netherlands,Netherlands,24,199,-,-,-,-,-,-,-,-,-,-,-
25,Korenblek Siebe,MB,188782,2022,Netherlands,Netherlands,21,215,-,-,-,-,-,-,-,-,-,-,-
26,Meijs Silvester,S,188784,2022,Netherlands,Netherlands,21,202,-,-,-,-,-,-,-,-,-,-,-
,Roberto Piazza,COACH,N/A,2022,Netherlands,,,,,,,,,,,,,,
1,Lipinski Bartlomiej,OH,153394,2022,Poland,Poland,26,201,12,3,11,0.39,2.75,0,0,0,1,0.07,0.25
2,Muzaj Maciej,O,156531,2022,Poland,Poland,28,208,23,5.75,21,0.5,5.25,2,0.18,0.5,0,0,0
3,Popiwczak Jakub,L,153388,2022,Poland,Poland,26,180,0,0,0,-,-,0,-,-,0,-,-
4,Kozub Lukasz,S,152872,2022,Poland,Poland,25,186,2,0.5,1,1,0.25,1,0.2,0.25,0,0,0
5,Kaczmarek Lukasz,O,162105,2022,Poland,Poland,28,204,39,3.55,33,0.49,3,3,0.25,0.27,3,0.06,0.27
6,Kurek Bartosz,O,115806,2022,Poland,Poland,34,205,134,12.18,111,0.52,10.09,10,0.3,0.91,13,0.11,1.18
7,Klos Karol,MB,118618,2022,Poland,Poland,33,201,64,4.27,39,0.7,2.6,21,0.37,1.4,4,0.05,0.27
9,Leon Venero Wilfredo,OH,119646,2022,Poland,Poland,29,202,-,-,-,-,-,-,-,-,-,-,-
10,Bednorz Bartosz,OH,150742,2022,Poland,Poland,28,201,25,3.57,23,0.56,3.29,1,0.33,0.14,1,0.04,0.14
12,Lomacz Grzegorz,S,115794,2022,Poland,Poland,35,187,0,0,0,-,-,0,0,0,0,0,0
13,Szymura Rafal,OH,142678,2022,Poland,Poland,27,196,13,3.25,13,0.43,3.25,0,0,0,0,0,0
14,Sliwka Aleksander,OH,142679,2022,Poland,Poland,27,196,68,6.18,59,0.51,5.36,4,0.17,0.36,5,0.06,0.45
15,Kochanowski Jakub,MB,152870,2022,Poland,Poland,25,199,84,5.6,54,0.59,3.6,19,0.22,1.27,11,0.08,0.73
16,Semeniuk Kamil,OH,153395,2022,Poland,Poland,26,195,104,9.45,86,0.48,7.82,9,0.26,0.82,9,0.08,0.82
17,Zatorski Pawel,L,118614,2022,Poland,Poland,32,184,0,0,0,-,-,0,-,-,0,-,-
18,Kwolek Bartosz,OH,152873,2022,Poland,Poland,25,192,43,5.38,37,0.51,4.62,2,0.11,0.25,4,0.06,0.5
19,Janusz Marcin,S,165942,2022,Poland,Poland,28,196,8,0.73,1,0.33,0.09,4,0.13,0.36,3,0.04,0.27
20,Bieniek Mateusz,MB,150734,2022,Poland,Poland,28,210,83,7.55,53,0.62,4.82,9,0.13,0.82,21,0.14,1.91
21,Fornal Tomasz,OH,152866,2022,Poland,Poland,25,198,95,6.33,77,0.53,5.13,7,0.17,0.47,11,0.12,0.73
22,Urbanowicz Karol,MB,183851,2022,Poland,Poland,22,201,4,1,3,0.38,0.75,0,0,0,1,0.17,0.25
23,Butryn Karol,O,181100,2022,Poland,Poland,29,194,54,4.91,44,0.6,4,4,0.21,0.36,6,0.09,0.55
24,Szymura Kamil,L,164127,2022,Poland,Poland,24,184,0,0,0,-,-,0,-,-,0,-,-
72,Poreba Mateusz,MB,164124,2022,Poland,Poland,23,203,26,3.25,16,0.67,2,4,0.14,0.5,6,0.11,0.75
96,Firlej Jan,S,153387,2022,Poland,Poland,26,187,6,0.75,3,0.5,0.38,2,0.1,0.25,1,0.02,0.12
99,Huber Norbert,MB,152869,2022,Poland,Poland,24,204,-,-,-,-,-,-,-,-,-,-,-
,Nikola GRBIĆ,COACH,N/A,2022,Poland,,,,,,,,,,,,,,
1,Nikolic Uros,OH,181313,2022,Serbia,Serbia,24,210,3,0.75,2,0.5,0.5,1,0.14,0.25,0,0,0
4,Petric Nemanja,OH,120250,2022,Serbia,Serbia,35,203,8,1,7,0.37,0.88,1,1,0.12,0,0,0
5,Katic Milan,OH,132458,2022,Serbia,Serbia,29,202,26,2.17,23,0.44,1.92,2,0.14,0.17,1,0.03,0.08
6,Pekovic Nikola,L,150383,2022,Serbia,Serbia,33,176,0,0,0,-,-,0,-,-,0,-,-
7,Krsmanovic Petar,MB,146579,2022,Serbia,Serbia,32,205,10,1.25,9,0.5,1.12,1,0.06,0.12,0,0,0
8,Ivovic Marko,OH,132022,2022,Serbia,Serbia,32,194,-,-,-,-,-,-,-,-,-,-,-
9,Jovovic Nikola,S,124911,2022,Serbia,Serbia,31,197,11,0.92,7,0.64,0.58,3,0.08,0.25,1,0.01,0.08
10,Kujundžić Miran,OH,162122,2022,Serbia,Serbia,25,196,119,9.92,98,0.5,8.17,6,0.23,0.5,15,0.1,1.25
12,Peric Pavle,OH,173251,2022,Serbia,Serbia,24,207,130,10.83,109,0.46,9.08,11,0.26,0.92,10,0.08,0.83
14,Atanasijevic Aleksandar,O,124915,2022,Serbia,Serbia,31,200,96,12,89,0.53,11.12,1,0.06,0.12,6,0.07,0.75
15,Masulovic Nemanja,MB,150382,2022,Serbia,Serbia,27,205,65,5.42,52,0.6,4.33,11,0.13,0.92,2,0.02,0.17
18,Podrascanin Marko,MB,116525,2022,Serbia,Serbia,35,204,28,3.5,18,0.56,2.25,8,0.25,1,2,0.04,0.25
20,Lisinac Srecko,MB,136362,2022,Serbia,Serbia,30,205,49,6.12,40,0.71,5,8,0.21,1,1,0.01,0.12
21,Todorovic Vuk,S,173250,2022,Serbia,Serbia,24,190,1,0.12,1,1,0.12,0,0,0,0,0,0
22,Vilimanovic Andrija,S,168275,2022,Serbia,Serbia,27,195,-,-,-,-,-,-,-,-,-,-,-
23,Vucicevic Bozidar,O,168276,2022,Serbia,Serbia,24,205,19,4.75,13,0.34,3.25,2,0.5,0.5,4,0.2,1
25,Tadic Luka,OH,173252,2022,Serbia,Serbia,22,204,-,-,-,-,-,-,-,-,-,-,-
28,Marinovic Lazar,OH,189274,2022,Serbia,Serbia,24,197,12,3,11,0.35,2.75,1,0.08,0.25,0,0,0
29,Nedeljkovic Aleksandar,MB,164985,2022,Serbia,Serbia,25,205,28,7,18,0.55,4.5,7,0.15,1.75,3,0.05,0.75
30,Koprivica Lazar,L,124920,2022,Serbia,Serbia,31,200,0,0,0,-,-,0,-,-,0,-,-
32,Meljanac Nikola,O,189272,2022,Serbia,Serbia,24,201,45,5.62,42,0.53,5.25,1,0.11,0.12,2,0.06,0.25
33,Petkovic DUnited Statesn,O,124912,2022,Serbia,Serbia,31,202,49,12.25,42,0.44,10.5,2,0.12,0.5,5,0.1,1.25
35,Rudic Andrej,MB,189276,2022,Serbia,Serbia,24,201,0,0,0,-,-,0,-,-,0,0,0
39,Vulikic Andrija,S,166724,2022,Serbia,Serbia,26,193,2,0.5,1,0.33,0.25,1,0.5,0.25,0,0,0
40,Milovic Miljan,L,189278,2022,Serbia,Serbia,28,190,-,-,-,-,-,-,-,-,-,-,-
,Igor KOLAKOVIĆ,COACH,N/A,2022,Serbia,,,,,,,,,,,,,,
1,Štern Tonček,O,151390,2022,Slovenia,Slovenia,27,200,96,9.6,78,0.47,7.8,7,0.18,0.7,11,0.11,1.1
2,Pajenk Alen,MB,114962,2022,Slovenia,Slovenia,36,203,70,5.83,54,0.61,4.5,12,0.21,1,4,0.04,0.33
3,Planinšič Uroš,S,168715,2022,Slovenia,Slovenia,24,186,0,0,0,-,-,0,0,0,0,0,0
4,Kozamernik Jan,MB,151391,2022,Slovenia,Slovenia,27,204,71,5.92,45,0.62,3.75,22,0.25,1.83,4,0.03,0.33
5,Šket Alen,O,119022,2022,Slovenia,Slovenia,34,205,-,-,-,-,-,-,-,-,-,-,-
6,Gasparini Mitja,O,114952,2022,Slovenia,Slovenia,38,202,25,3.12,20,0.49,2.5,2,0.25,0.25,3,0.08,0.38
7,Košenina Alan,L,153301,2022,Slovenia,Slovenia,26,189,0,0,0,-,-,0,-,-,0,-,-
8,Bošnjak Crtomir,OH,154046,2022,Slovenia,Slovenia,22,196,11,1.38,9,0.5,1.12,2,0.4,0.25,0,0,0
9,Vincic Dejan,S,114956,2022,Slovenia,Slovenia,36,200,6,0.75,3,0.43,0.38,1,0.13,0.12,2,0.06,0.25
10,Štalekar Sašo,MB,151404,2022,Slovenia,Slovenia,26,214,2,0.5,1,0.2,0.25,1,0.09,0.25,0,0,0
11,Koncilja Danijel,MB,144483,2022,Slovenia,Slovenia,32,201,29,2.42,25,0.51,2.08,4,0.15,0.33,0,0,0
12,Klobucar Jan,L,154546,2022,Slovenia,Slovenia,30,196,6,0.75,5,0.29,0.62,1,0.25,0.12,0,0,0
13,Kovačič Jani,L,144415,2022,Slovenia,Slovenia,30,186,0,0,0,-,-,0,-,-,0,-,-
14,Štern Žiga,OH,155920,2022,Slovenia,Slovenia,29,193,53,4.42,50,0.45,4.17,3,0.19,0.25,0,0,0
15,Videčnik Matic,MB,161754,2022,Slovenia,Slovenia,29,203,5,0.62,3,0.5,0.38,1,0.2,0.12,1,0.07,0.12
16,Ropret Gregor,S,119018,2022,Slovenia,Slovenia,34,192,14,1.17,4,0.5,0.33,5,0.19,0.42,5,0.04,0.42
17,Urnaut Tine,OH,114957,2022,Slovenia,Slovenia,34,200,55,6.88,46,0.44,5.75,3,0.18,0.38,6,0.1,0.75
18,Čebulj Klemen,OH,136918,2022,Slovenia,Slovenia,31,202,45,11.25,39,0.44,9.75,3,0.21,0.75,3,0.06,0.75
19,Možič Rok,OH,168747,2022,Slovenia,Slovenia,21,200,141,11.75,123,0.49,10.25,15,0.28,1.25,3,0.03,0.25
20,Mujanovič Nik,O,182325,2022,Slovenia,Slovenia,18,206,-,-,-,-,-,-,-,-,-,-,-
21,Pernuš Gregor,S,181130,2022,Slovenia,Slovenia,23,195,-,-,-,-,-,-,-,-,-,-,-
22,Kržić Janez Janž,MB,185708,2022,Slovenia,Slovenia,19,202,-,-,-,-,-,-,-,-,-,-,-
23,Okroglic Jure,OH,151399,2022,Slovenia,Slovenia,26,190,-,-,-,-,-,-,-,-,-,-,-
,MARK LEBEDEW,COACH,N/A,2022,Slovenia,,,,,,,,,,,,,,
2,Russell Aaron,OH,132624,2022,United States,United States,29,205,197,13.13,162,0.5,10.8,14,0.18,0.93,21,0.11,1.4
3,Shaw James,S,136078,2022,United States,United States,29,203,4,0.5,2,0.4,0.25,2,0.4,0.25,0,0,0
4,Jendryk II Jeffrey,MB,147721,2022,United States,United States,27,208,107,7.13,79,0.66,5.27,21,0.14,1.4,7,0.04,0.47
5,Ensing Kyle,O,147417,2022,United States,United States,26,201,161,10.73,143,0.53,9.53,8,0.09,0.53,10,0.06,0.67
6,Stahl Mitchell,MB,140185,2022,United States,United States,28,203,23,2.09,15,0.56,1.36,5,0.17,0.45,3,0.09,0.27
7,Pasteur Jacob,OH,183140,2022,United States,United States,20,193,0,-,0,-,-,0,-,-,0,-,-
8,Defalco Torey,OH,139254,2022,United States,United States,25,198,180,16.36,157,0.55,14.27,9,0.13,0.82,14,0.07,1.27
9,Hanes Jake,O,170104,2022,United States,United States,24,210,36,4.5,33,0.48,4.12,2,0.13,0.25,1,0.03,0.12
10,Dagostino Kyle,L,142445,2022,United States,United States,27,175,0,0,0,-,-,0,-,-,0,-,-
11,Christenson Micah,S,124879,2022,United States,United States,29,198,25,3.57,9,0.56,1.29,11,0.25,1.57,5,0.04,0.71
13,Gasman Patrick,MB,147542,2022,United States,United States,26,208,0,-,0,-,-,0,-,-,0,-,-
14,Isaacson Quinn,S,189158,2022,United States,United States,24,187,-,-,-,-,-,-,-,-,-,-,-
15,Russell Kyle,O,136077,2022,United States,United States,29,206,22,3.14,20,0.51,2.86,0,0,0,2,0.06,0.29
16,Tuaniga Joshua,S,147543,2022,United States,United States,26,191,17,1.13,11,0.5,0.73,3,0.06,0.2,3,0.03,0.2
17,Jaeschke Thomas,OH,143682,2022,United States,United States,29,198,33,4.12,25,0.37,3.12,5,0.33,0.62,3,0.07,0.38
18,Muagututia Garrett,OH,133463,2022,United States,United States,35,205,27,2.45,27,0.56,2.45,0,0,0,0,0,0
20,Smith David,MB,116069,2022,United States,United States,37,201,108,7.2,67,0.63,4.47,32,0.23,2.13,9,0.05,0.6
21,Briggs Mason,L,168461,2022,United States,United States,22,182,0,-,0,-,-,0,-,-,0,-,-
22,Shoji Erik,L,119732,2022,United States,United States,33,184,0,0,0,-,-,0,-,-,0,-,-
23,Kessel Cody,OH,153472,2022,United States,United States,31,196,8,0.73,8,0.4,0.73,0,0,0,0,0,0
24,Wildman Brett,OH,164133,2022,United States,United States,23,195,-,-,-,-,-,-,-,-,-,-,-
25,Rottman William,OH,182750,2022,United States,United States,21,198,-,-,-,-,-,-,-,-,-,-,-
26,McHenry Merrick,MB,169728,2022,United States,United States,22,200,-,-,-,-,-,-,-,-,-,-,-
27,Mitchem Tyler,MB,162551,2022,United States,United States,24,208,16,1.07,12,0.67,0.8,2,0.13,0.13,2,0.09,0.13
31,Olivier Spencer,OH,156751,2022,United States,United States,24,198,-,-,-,-,-,-,-,-,-,-,-
,John Speraw,COACH,N/A,2022,United States,,,,,,,,,,,,,,
1,Sanchez Matias,S,142412,2023,Argentina,Argentina,27,175,1,0.08,0,0,0,0,0,0,1,0.02,0.08
3,Martinez Franchi Jan,U,142410,2023,Argentina,Argentina,26,190,28,2.15,25,0.38,1.92,2,0.13,0.15,1,0.03,0.08
4,Gallego Joaquin,MB,142411,2023,Argentina,Argentina,27,204,20,1.54,14,0.47,1.08,6,0.19,0.46,0,0,0
7,Palonsky Luciano,OH,162546,2023,Argentina,Argentina,24,198,183,14.08,151,0.49,11.62,13,0.19,1,19,0.09,1.46
8,Loser Agustin,MB,152692,2023,Argentina,Argentina,26,198,168,12.92,103,0.64,7.92,53,0.33,4.08,12,0.06,0.92
9,Danani Santiago,L,153053,2023,Argentina,Argentina,28,176,0,0,0,-,-,0,-,-,0,-,-
10,Zelayeta Mauro,OH,160816,2023,Argentina,Argentina,24,190,1,0.08,1,1,0.08,0,-,-,0,0,0
11,Armoa Manuel,OH,174853,2023,Argentina,Argentina,21,195,14,1.08,10,0.45,0.77,1,0.25,0.08,3,0.16,0.23
12,Lima Bruno,O,142415,2023,Argentina,Argentina,28,198,133,10.23,119,0.53,9.15,7,0.11,0.54,7,0.05,0.54
15,De Cecco Luciano,S,117457,2023,Argentina,Argentina,35,191,16,1.78,7,0.5,0.78,5,0.12,0.56,4,0.03,0.44
16,Koukartsev Pablo Sergio,O,141282,2023,Argentina,Argentina,31,203,90,6.92,81,0.43,6.23,6,0.21,0.46,3,0.04,0.23
17,Vicentin Luciano,OH,163555,2023,Argentina,Argentina,23,197,133,10.23,112,0.39,8.62,15,0.19,1.15,6,0.04,0.46
18,Ramos Martin,MB,125047,2023,Argentina,Argentina,32,197,26,2,18,0.6,1.38,8,0.25,0.62,0,0,0
22,Zerba Nicolas,MB,162543,2023,Argentina,Argentina,24,203,52,4,40,0.53,3.08,9,0.1,0.69,3,0.03,0.23
,Marcelo Rodolfo Mendez,COACH,N/A,2023,Argentina,,,,,,,,,,,,,,
1,Rezende Bruno Mossa,S,116099,2023,Brazil,Brazil,37,190,15,1.15,5,0.45,0.38,6,0.1,0.46,4,0.02,0.31
4,Rodrigues Pinto Otávio Henrique,MB,125010,2023,Brazil,Brazil,33,200,68,5.23,47,0.67,3.62,13,0.16,1,8,0.06,0.62
6,Fernandes P.X.Cavalcante Adriano,OH,174908,2023,Brazil,Brazil,22,201,34,2.62,30,0.41,2.31,3,0.13,0.23,1,0.02,0.08
8,Honorato Henrique Dantas Nóbrega,OH,161930,2023,Brazil,Brazil,27,190,97,7.46,77,0.42,5.92,15,0.23,1.15,5,0.04,0.38
9,Leal Hidalgo Yoandy,OH,118928,2023,Brazil,Brazil,35,202,2,2,2,0.5,2,0,0,0,0,0,0
14,Gil Kreling Fernando,S,142744,2023,Brazil,Brazil,28,186,1,0.08,1,0.33,0.08,0,0,0,0,0,0
15,Nascimento Maique Reis,L,161939,2023,Brazil,Brazil,26,187,0,0,0,-,-,0,-,-,0,-,-
16,Saatkamp Lucas,MB,116081,2023,Brazil,Brazil,38,209,46,5.11,32,0.49,3.56,9,0.14,1,5,0.07,0.56
17,Hoss Thales,L,118916,2023,Brazil,Brazil,34,190,0,0,0,-,-,0,-,-,0,-,-
18,Souza Ricardo Lucarelli,OH,136468,2023,Brazil,Brazil,32,196,185,14.23,154,0.49,11.85,12,0.16,0.92,19,0.09,1.46
19,Moreira Roque Felipe,O,161921,2023,Brazil,Brazil,26,212,39,4.33,32,0.59,3.56,6,0.35,0.67,1,0.04,0.11
21,Souza Alan,O,136947,2023,Brazil,Brazil,30,202,177,13.62,162,0.53,12.46,8,0.09,0.62,7,0.05,0.54
23,Resende Gualberto Flavio,MB,136956,2023,Brazil,Brazil,30,199,80,6.15,56,0.62,4.31,22,0.2,1.69,2,0.02,0.15
30,Nunes da Cunha Jr Judson Amabel,MB,187493,2023,Brazil,Brazil,25,204,51,3.92,45,0.73,3.46,6,0.12,0.46,0,0,0
,Renan Dal Zotto,COACH,N/A,2023,Brazil,,,,,,,,,,,,,,
3,Kolev Nikolay,MB,173067,2023,Bulgaria,Bulgaria,26,204,54,4.5,41,0.63,3.42,9,0.13,0.75,4,0.05,0.33
4,Atanasov Martin,OH,156676,2023,Bulgaria,Bulgaria,27,197,121,10.08,100,0.5,8.33,13,0.25,1.08,8,0.06,0.67
5,Gotsev Svetoslav,MB,132035,2023,Bulgaria,Bulgaria,33,205,24,2,15,0.48,1.25,9,0.28,0.75,0,0,0
8,Asparuhov Asparuh,OH,168269,2023,Bulgaria,Bulgaria,23,201,79,6.58,71,0.44,5.92,6,0.18,0.5,2,0.03,0.17
9,Seganov Georgi,S,137012,2023,Bulgaria,Bulgaria,30,197,8,0.67,2,0.13,0.17,5,0.13,0.42,1,0.01,0.08
10,Karyagin Denis,OH,174445,2023,Bulgaria,Bulgaria,21,206,42,3.5,36,0.44,3,5,0.22,0.42,1,0.02,0.08
11,Grozdanov Aleks,MB,152619,2023,Bulgaria,Bulgaria,25,208,79,6.58,53,0.55,4.42,23,0.24,1.92,3,0.02,0.25
12,Dimitrov Dimitar,O,180587,2023,Bulgaria,Bulgaria,23,208,82,6.83,69,0.37,5.75,8,0.26,0.67,5,0.05,0.42
13,Salparov Teodor,L,113691,2023,Bulgaria,Bulgaria,41,187,0,0,0,-,-,0,-,-,0,-,-
14,Bozhilov Martin,L,135372,2023,Bulgaria,Bulgaria,35,190,0,0,0,-,-,0,-,-,0,-,-
15,Raev Delcho,S,124986,2023,Bulgaria,Bulgaria,33,185,0,0,0,-,-,0,0,0,0,0,0
17,Penchev Nikolay,OH,132033,2023,Bulgaria,Bulgaria,31,197,15,1.88,13,0.36,1.62,2,0.14,0.25,0,0,0
20,Bratoev Valentin,OH,118486,2023,Bulgaria,Bulgaria,36,203,7,1.75,5,0.29,1.25,1,0.14,0.25,1,0.05,0.25
24,Petkov Iliya,MB,168268,2023,Bulgaria,Bulgaria,27,200,17,1.42,12,0.55,1,2,0.11,0.17,3,0.06,0.25
,Plamen Konstantinov,COACH,N/A,2023,Bulgaria,,,,,,,,,,,,,,
1,Eshenko Pearson,MB,157324,2023,Canada,Canada,26,204,39,3.25,31,0.62,2.58,6,0.09,0.5,2,0.02,0.17
2,Herr Luke,S,165212,2023,Canada,Canada,29,192,13,1.08,2,0.5,0.17,8,0.18,0.67,3,0.03,0.25
4,Hoag Nicholas,OH,136291,2023,Canada,Canada,31,200,98,8.17,84,0.42,7,4,0.09,0.33,10,0.06,0.83
5,Hofer Brodie,OH,168914,2023,Canada,Canada,23,200,19,1.58,18,0.36,1.5,0,0,0,1,0.03,0.08
6,Demyanenko Danny,MB,140042,2023,Canada,Canada,29,196,80,6.67,57,0.62,4.75,16,0.16,1.33,7,0.05,0.58
7,Maar Stephen Timothy,OH,140061,2023,Canada,Canada,29,201,140,11.67,117,0.41,9.75,15,0.21,1.25,8,0.07,0.67
8,Walsh Brett James,S,143745,2023,Canada,Canada,30,196,3,0.38,0,-,-,1,0.08,0.12,2,0.09,0.25
10,Sclater Ryan Joseph,O,140428,2023,Canada,Canada,30,200,132,11,114,0.47,9.5,11,0.24,0.92,7,0.07,0.58
12,Van Berkel Lucas,MB,136296,2023,Canada,Canada,32,210,39,3.25,30,0.54,2.5,9,0.1,0.75,0,0,0
13,Cooper Samuel,OH,182679,2023,Canada,Canada,22,200,27,3.38,21,0.43,2.62,2,0.5,0.25,4,0.25,0.5
14,Szwarc Arthur,O,151871,2023,Canada,Canada,28,209,96,8,80,0.5,6.67,7,0.24,0.58,9,0.11,0.75
18,Lui Justin,L,168925,2023,Canada,Canada,23,178,0,0,0,-,-,0,-,-,0,-,-
97,Currie Landon,L,168923,2023,Canada,Canada,24,174,0,0,0,-,-,0,-,-,0,-,-
99,Elser Mathias,OH,168908,2023,Canada,Canada,22,198,19,1.58,17,0.38,1.42,2,0.17,0.17,0,0,0
,Tuomas Sammelvuo,COACH,N/A,2023,Canada,,,,,,,,,,,,,,
1,Wang Dongchen,MB,173184,2023,China,China,23,200,32,2.67,21,0.46,1.75,8,0.22,0.67,3,0.04,0.25
2,Jiang Chuan,O,142855,2023,China,China,29,205,104,8.67,94,0.45,7.83,6,0.14,0.5,4,0.04,0.33
3,Wang Hebin,S,174297,2023,China,China,24,188,16,1.33,5,0.36,0.42,8,0.17,0.67,3,0.02,0.25
5,Yang Yiming,L,174295,2023,China,China,24,186,0,0,0,-,-,0,-,-,0,-,-
6,Yu Yuantai,OH,152518,2023,China,China,26,186,92,7.67,83,0.51,6.92,4,0.15,0.33,5,0.05,0.42
8,Guo Cheng,S,164632,2023,China,China,28,200,2,0.17,0,0,0,2,0.29,0.17,0,0,0
9,Li Yongzhen,MB,181103,2023,China,China,25,198,71,5.92,49,0.6,4.08,18,0.19,1.5,4,0.04,0.33
14,Zhai Dejun,OH,174159,2023,China,China,24,195,58,4.83,50,0.36,4.17,3,0.11,0.25,5,0.07,0.42
15,Peng Shikun,MB,168175,2023,China,China,23,208,65,5.42,46,0.53,3.83,15,0.19,1.25,4,0.03,0.33
16,Qu Zongshuai,L,174158,2023,China,China,25,186,0,0,0,-,-,0,-,-,0,-,-
18,Chen Leiyang,S,152511,2023,China,China,25,198,1,0.12,0,-,-,0,0,0,1,0.04,0.12
20,Rao Shuhan,MB,142598,2023,China,China,27,205,0,-,0,-,-,0,-,-,0,-,-
22,Zhang Jingyin,OH,168271,2023,China,China,24,207,201,16.75,162,0.49,13.5,22,0.32,1.83,17,0.11,1.42
23,Wang Bin,OH,169310,2023,China,China,22,195,29,2.42,25,0.53,2.08,0,0,0,4,0.11,0.33
,Sheng Wu,COACH,N/A,2023,China,,,,,,,,,,,,,,
1,Masso Alvarez Jose Israel,MB,147273,2023,Cuba,Cuba,26,2,59,4.92,47,0.58,3.92,9,0.1,0.75,3,0.03,0.25
2,Mergarejo Hernandez Osniel Lazaro,OH,151814,2023,Cuba,Cuba,26,195,38,3.17,34,0.36,2.83,2,0.11,0.17,2,0.03,0.17
5,Concepcion Rojas Javier Octavio,MB,147263,2023,Cuba,Cuba,26,200,99,8.25,67,0.61,5.58,29,0.21,2.42,3,0.02,0.25
6,Thondike Mejias Christian Manuel,S,168412,2023,Cuba,Cuba,22,195,5,0.42,1,0.09,0.08,3,0.14,0.25,1,0.03,0.08
7,Garcia Alvarez Yonder Roman,L,132361,2023,Cuba,Cuba,31,183,0,0,0,-,-,0,-,-,0,-,-
10,Gutierrez Suarez Miguel David,O,147268,2023,Cuba,Cuba,27,197,11,0.92,9,0.53,0.75,2,0.25,0.17,0,0,0
11,Taboada Diaz Lyvan,S,157477,2023,Cuba,Cuba,25,191,20,1.67,6,0.46,0.5,14,0.23,1.17,0,0,0
12,Herrera Jaime Jesus,O,169940,2023,Cuba,Cuba,28,194,212,17.67,180,0.51,15,11,0.18,0.92,21,0.11,1.75
14,Goide Arredondo Adrian Eduardo,S,147272,2023,Cuba,Cuba,25,191,0,0,0,-,-,0,0,0,0,-,-
18,Lopez Castro Miguel Angel,OH,151817,2023,Cuba,Cuba,27,189,171,14.25,148,0.5,12.33,7,0.11,0.58,16,0.09,1.33
19,Pedroso Garriga Endriel Alberto,MB,182877,2023,Cuba,Cuba,21,212,21,1.75,10,0.43,0.83,11,0.28,0.92,0,0,0
22,Gutierrez Suarez Jose Miguel,OH,168417,2023,Cuba,Cuba,22,192,2,0.17,0,0,0,1,1,0.08,1,0.02,0.08
23,Yant Herrera Marlon,OH,157318,2023,Cuba,Cuba,22,202,100,8.33,85,0.47,7.08,11,0.22,0.92,4,0.04,0.33
24,Gorguet Salas Alain,OH,190322,2023,Cuba,Cuba,30,189,0,0,0,-,-,0,-,-,0,-,-
,Nicolas Ernesto Vives Coffigny,COACH,N/A,2023,Cuba,,,,,,,,,,,,,,
1,Chinenyeze Barthélémy,MB,152494,2023,France,France,26,204,89,9.89,70,0.61,7.78,15,0.2,1.67,4,0.04,0.44
2,Grebennikov Jenia,L,119792,2023,France,France,33,188,0,0,0,-,-,0,-,-,0,-,-
4,Patry Jean,O,142694,2023,France,France,27,207,84,9.33,68,0.45,7.56,10,0.36,1.11,6,0.08,0.67
6,Toniutti Benjamin,S,119804,2023,France,France,34,183,4,0.8,3,0.75,0.6,1,0.11,0.2,0,0,0
7,Tillie Kevin,OH,124518,2023,France,France,33,200,92,10.22,86,0.46,9.56,4,0.08,0.44,2,0.02,0.22
11,Brizard Antoine,S,136851,2023,France,France,29,196,21,2.33,8,0.42,0.89,6,0.15,0.67,7,0.06,0.78
12,Boyer Stephen,O,142710,2023,France,France,27,196,62,6.89,57,0.46,6.33,3,0.14,0.33,2,0.04,0.22
14,Le Goff Nicolas,MB,125073,2023,France,France,32,206,29,5.8,20,0.63,4,8,0.31,1.6,1,0.04,0.2
16,Bultor Daryl,MB,142677,2023,France,France,28,197,73,5.62,59,0.67,4.54,10,0.16,0.77,4,0.05,0.31
17,Clevenot Trevor,OH,132948,2023,France,France,29,199,96,10.67,86,0.45,9.56,7,0.14,0.78,3,0.03,0.33
19,Louati Yacine,OH,120735,2023,France,France,32,198,42,4.67,33,0.38,3.67,5,0.21,0.56,4,0.06,0.44
20,Diez Benjamin,L,152506,2023,France,France,25,183,0,0,0,-,-,0,-,-,0,-,-
23,Carle Timothée,OH,142686,2023,France,France,28,195,79,6.08,68,0.48,5.23,4,0.17,0.31,7,0.09,0.54
25,Jouffroy Quentin,MB,136856,2023,France,France,30,202,32,2.46,20,0.51,1.54,5,0.16,0.38,7,0.06,0.54
,Andrea Giani,COACH,N/A,2023,France,,,,,,,,,,,,,,
1,Fromm Christian,OH,119779,2023,Germany,Germany,33,204,29,7.25,28,0.48,7,0,0,0,1,0.03,0.25
2,Tille Johannes,S,152469,2023,Germany,Germany,26,186,17,1.42,1,0.25,0.08,7,0.19,0.58,9,0.06,0.75
3,Kaliberda Denys,OH,119775,2023,Germany,Germany,33,193,13,1.08,10,0.32,0.83,1,0.17,0.08,2,0.08,0.17
5,Reichert Moritz,OH,139386,2023,Germany,Germany,29,194,121,10.08,104,0.44,8.67,8,0.18,0.67,9,0.06,0.75
6,Graven Leonard,L,182291,2023,Germany,Germany,19,180,0,0,0,-,-,0,0,0,0,-,-
11,Kampa Lukas,S,116575,2023,Germany,Germany,37,196,5,0.62,2,1,0.25,1,0.07,0.12,2,0.03,0.25
12,Brehme Anton,MB,162081,2023,Germany,Germany,24,206,117,9.75,93,0.61,7.75,13,0.13,1.08,11,0.08,0.92
13,Schott Ruben,OH,136441,2023,Germany,Germany,29,193,29,2.42,21,0.33,1.75,4,0.27,0.33,4,0.08,0.33
18,Krage Florian,MB,162790,2023,Germany,Germany,27,203,33,2.75,23,0.56,1.92,8,0.16,0.67,2,0.04,0.17
20,Weber Linus,O,162082,2023,Germany,Germany,24,203,143,11.92,125,0.51,10.42,9,0.15,0.75,9,0.1,0.75
21,Krick Tobias,MB,152349,2023,Germany,Germany,25,210,53,4.42,40,0.61,3.33,13,0.2,1.08,0,0,0
22,Brand Tobias,OH,163592,2023,Germany,Germany,25,193,33,2.75,30,0.46,2.5,3,0.27,0.25,0,0,0
25,Maase Lukas,MB,152352,2023,Germany,Germany,25,208,9,1.12,6,0.5,0.75,3,0.25,0.38,0,0,0
31,Böhme Yan,O,184322,2023,Germany,Germany,26,203,47,3.92,41,0.47,3.42,6,0.26,0.5,0,0,0
,Michał Winiarski,COACH,N/A,2023,Germany,,,,,,,,,,,,,,
1,Jelveh Ghaziani Mahdi,MB,163173,2023,Iran,Iran,22,208,13,1.08,12,0.5,1,1,0.05,0.08,0,0,0
6,MoUnited Statesvi Eraghi Seyed Mohammad,MB,118827,2023,Iran,Iran,36,203,91,7.58,53,0.52,4.42,35,0.27,2.92,3,0.02,0.25
8,Hazratpourtalatappeh Mohammadreza,L,163176,2023,Iran,Iran,24,187,0,0,0,-,-,0,-,-,0,-,-
9,Moazzen Mohammadreza,L,153535,2023,Iran,Iran,32,175,0,0,0,-,-,0,-,-,0,-,-
12,Esfandiar Amirhossein,OH,152752,2023,Iran,Iran,25,209,65,5.42,48,0.37,4,9,0.3,0.75,8,0.08,0.67
13,Ramezani Ali,S,152753,2023,Iran,Iran,25,200,1,0.25,1,0.5,0.25,0,0,0,0,0,0
19,Hossein Khanzadeh Firouzjah Poriya,OH,182470,2023,Iran,Iran,19,198,63,6.3,55,0.49,5.5,4,0.22,0.4,4,0.05,0.4
20,Homayonfarmanesh Shahrooz,OH,123413,2023,Iran,Iran,34,192,18,1.5,16,0.57,1.33,1,0.25,0.08,1,0.02,0.08
22,Afshin Far Armin,OH,189602,2023,Iran,Iran,25,207,1,0.25,1,0.2,0.25,0,0,0,0,-,-
23,Saadat Bardia,O,168551,2023,Iran,Iran,21,205,36,9,33,0.46,8.25,3,0.14,0.75,0,0,0
24,Karimisouchelmaei Javad,S,152755,2023,Iran,Iran,26,204,20,1.67,13,0.59,1.08,5,0.24,0.42,2,0.03,0.17
27,Valizadeh Mohammad,MB,174373,2023,Iran,Iran,22,204,72,6,46,0.56,3.83,21,0.22,1.75,5,0.03,0.42
49,Sharifi Morteza,OH,152742,2023,Iran,Iran,24,193,92,8.36,84,0.46,7.64,4,0.1,0.36,4,0.04,0.36
77,Daneshdoust Ehsan,OH,163174,2023,Iran,Iran,24,192,0,-,0,-,-,0,-,-,0,-,-
,Behrouz Ataei Nouri,COACH,N/A,2023,Iran,,,,,,,,,,,,,,
5,Michieletto Alessandro,OH,171191,2023,Italy,Italy,22,205,145,13.18,115,0.5,10.45,17,0.31,1.55,13,0.09,1.18
6,Giannelli Simone,S,144005,2023,Italy,Italy,27,200,49,4.45,27,0.56,2.45,14,0.18,1.27,8,0.05,0.73
7,Balaso Fabio,L,150436,2023,Italy,Italy,28,178,0,0,0,-,-,0,-,-,0,-,-
8,Sbertoli Riccardo,S,152370,2023,Italy,Italy,25,188,1,0.09,0,-,-,1,0.5,0.09,0,0,0
10,Scanferla Leonardo,L,181128,2023,Italy,Italy,25,184,0,0,0,-,-,0,-,-,0,-,-
12,Bottolo Mattia,OH,163447,2023,Italy,Italy,24,196,41,3.73,37,0.5,3.36,2,0.15,0.18,2,0.05,0.18
14,Galassi Gianluca,MB,152408,2023,Italy,Italy,26,201,76,6.91,46,0.59,4.18,22,0.2,2,8,0.08,0.73
15,Lavia Daniele,OH,153200,2023,Italy,Italy,24,200,134,12.18,108,0.4,9.82,20,0.24,1.82,6,0.04,0.55
16,Romanò Yuri,O,162520,2023,Italy,Italy,26,201,223,14.87,185,0.44,12.33,16,0.14,1.07,22,0.11,1.47
18,Gironi Fabrizio,OH,163032,2023,Italy,Italy,24,200,3,0.27,3,0.23,0.27,0,0,0,0,0,0
19,Russo Roberto,MB,152405,2023,Italy,Italy,27,207,96,8.73,59,0.58,5.36,24,0.21,2.18,13,0.08,1.18
20,Rinaldi Tommaso,OH,172962,2023,Italy,Italy,22,200,53,3.53,47,0.43,3.13,3,0.14,0.2,3,0.05,0.2
28,Sanguinetti Giovanni,MB,174076,2023,Italy,Italy,23,203,21,1.91,12,0.63,1.09,4,0.21,0.36,5,0.15,0.45
30,Mosca Leandro Ausibio,MB,174074,2023,Italy,Italy,23,208,24,2.18,17,0.65,1.55,7,0.29,0.64,0,0,0
,Ferdinando De Giorgi,COACH,N/A,2023,Italy,,,,,,,,,,,,,,
2,Onodera Taishi,MB,142565,2023,Japan,Japan,28,200,100,6.67,78,0.6,5.2,18,0.16,1.2,4,0.02,0.27
4,Miyaura Kento,O,163038,2023,Japan,Japan,25,190,136,9.07,116,0.56,7.73,5,0.13,0.33,15,0.13,1
5,Otsuka Tatsunori,OH,163516,2023,Japan,Japan,23,194,31,2.21,31,0.46,2.21,0,0,0,0,0,0
6,Yamauchi Akihiro,MB,146409,2023,Japan,Japan,30,204,74,4.93,58,0.53,3.87,12,0.15,0.8,4,0.03,0.27
8,Sekita Masahiro,S,133009,2023,Japan,Japan,30,175,8,0.53,2,0.33,0.13,1,0.02,0.07,5,0.02,0.33
10,Takahashi Kentaro,MB,142561,2023,Japan,Japan,29,202,25,1.67,19,0.63,1.27,6,0.13,0.4,0,0,0
11,Tomita Shoma,OH,178761,2023,Japan,Japan,26,190,9,0.6,9,0.6,0.6,0,-,-,0,0,0
12,Takahashi Ran,OH,178762,2023,Japan,Japan,22,188,198,13.2,173,0.55,11.53,10,0.14,0.67,15,0.07,1
13,Ogawa Tomohiro,L,180990,2023,Japan,Japan,27,176,0,0,0,-,-,0,-,-,0,-,-
14,Ishikawa Yuki,OH,142568,2023,Japan,Japan,28,191,275,18.33,237,0.53,15.8,17,0.16,1.13,21,0.09,1.4
18,Nishiyama Hiroto,O,192453,2023,Japan,Japan,21,193,4,1.33,3,0.43,1,0,0,0,1,0.2,0.33
20,Yamamoto Tomohiro,L,172893,2023,Japan,Japan,29,171,0,0,0,-,-,0,-,-,0,-,-
21,Eiro Motoki,S,142562,2023,Japan,Japan,27,192,1,0.14,0,-,-,1,0.13,0.14,0,0,0
28,Evbade-Dan Larry Ik,MB,189039,2023,Japan,Japan,23,195,2,0.4,2,0.4,0.4,0,0,0,0,0,0
,Philippe Blain,COACH,N/A,2023,Japan,,,,,,,,,,,,,,
1,Korenblek Siebe,MB,188782,2023,Netherlands,Netherlands,22,215,4,0.33,2,1,0.17,2,0.5,0.17,0,0,0
2,Keemink Wessel,S,141546,2023,Netherlands,Netherlands,30,197,23,1.92,12,0.8,1,8,0.14,0.67,3,0.02,0.25
3,Van Garderen Maarten,OH,139929,2023,Netherlands,Netherlands,34,200,128,10.67,103,0.45,8.58,15,0.35,1.25,10,0.08,0.83
4,Ter Horst Thijs,OH,137345,2023,Netherlands,Netherlands,32,204,13,1.62,11,0.38,1.38,1,0.13,0.12,1,0.1,0.12
5,van Der Ent Cornelis Luuc,MB,169921,2023,Netherlands,Netherlands,25,208,0,-,0,-,-,0,-,-,0,-,-
6,Meijs Silvester,S,188784,2023,Netherlands,Netherlands,22,202,4,0.33,0,0,0,3,0.3,0.25,1,0.06,0.08
7,Jorna Gijs,OH,131980,2023,Netherlands,Netherlands,34,196,42,3.5,34,0.32,2.83,7,0.15,0.58,1,0.01,0.08
8,Plak Fabian,MB,156678,2023,Netherlands,Netherlands,26,198,89,7.42,57,0.52,4.75,25,0.21,2.08,7,0.05,0.58
12,Tuinstra Bennie Junior,OH,170436,2023,Netherlands,Netherlands,23,200,83,6.92,69,0.43,5.75,3,0.16,0.25,11,0.11,0.92
14,Abdel-Aziz Nimir,O,137498,2023,Netherlands,Netherlands,32,201,217,18.08,184,0.52,15.33,8,0.18,0.67,25,0.14,2.08
16,Ter Maat Wouter,O,154521,2023,Netherlands,Netherlands,32,200,52,6.5,46,0.55,5.75,4,0.29,0.5,2,0.05,0.25
18,Andringa Robbert,L,121992,2023,Netherlands,Netherlands,33,192,0,0,0,-,-,0,-,-,0,-,-
22,Wiltenburg Twan,MB,150703,2023,Netherlands,Netherlands,27,205,57,4.75,34,0.58,2.83,20,0.24,1.67,3,0.02,0.25
30,Lipke Niels,L,188785,2023,Netherlands,Netherlands,21,180,0,-,0,-,-,0,-,-,0,-,-
,Roberto Piazza,COACH,N/A,2023,Netherlands,,,,,,,,,,,,,,
3,Popiwczak Jakub,L,153388,2023,Poland,Poland,27,180,0,0,0,-,-,0,-,-,0,-,-
5,Kaczmarek Lukasz,O,162105,2023,Poland,Poland,29,204,86,12.29,74,0.56,10.57,10,0.21,1.43,2,0.03,0.29
6,Kurek Bartosz,O,115806,2023,Poland,Poland,35,205,82,7.45,76,0.48,6.91,4,0.11,0.36,2,0.03,0.18
9,Leon Venero Wilfredo,OH,119646,2023,Poland,Poland,30,202,137,12.45,109,0.5,9.91,14,0.28,1.27,14,0.13,1.27
10,Bednorz Bartosz,OH,150742,2023,Poland,Poland,29,201,48,4.36,40,0.47,3.64,5,0.22,0.45,3,0.05,0.27
11,Sliwka Aleksander,OH,142679,2023,Poland,Poland,28,196,84,12,74,0.57,10.57,6,0.17,0.86,4,0.04,0.57
12,Lomacz Grzegorz,S,115794,2023,Poland,Poland,36,187,6,0.4,2,1,0.13,3,0.14,0.2,1,0.01,0.07
15,Kochanowski Jakub,MB,152870,2023,Poland,Poland,26,199,78,7.09,45,0.7,4.09,20,0.2,1.82,13,0.11,1.18
16,Semeniuk Kamil,OH,153395,2023,Poland,Poland,27,195,59,5.36,46,0.44,4.18,8,0.31,0.73,5,0.06,0.45
17,Zatorski Pawel,L,118614,2023,Poland,Poland,33,184,0,0,0,-,-,0,-,-,0,-,-
19,Janusz Marcin,S,165942,2023,Poland,Poland,29,196,3,0.43,0,0,0,1,0.04,0.14,2,0.03,0.29
20,Bieniek Mateusz,MB,150734,2023,Poland,Poland,29,210,77,7,56,0.58,5.09,9,0.12,0.82,12,0.09,1.09
21,Fornal Tomasz,OH,152866,2023,Poland,Poland,26,198,32,4.57,30,0.44,4.29,2,0.11,0.29,0,0,0
99,Huber Norbert,MB,152869,2023,Poland,Poland,25,204,65,5.91,39,0.6,3.55,17,0.25,1.55,9,0.08,0.82
,Nikola Grbić,COACH,N/A,2023,Poland,,,,,,,,,,,,,,
2,Kovacevic Uros,OH,124926,2023,Serbia,Serbia,30,197,1,0.25,1,0.09,0.25,0,0,0,0,0,0
3,Kapur Milorad,L,136360,2023,Serbia,Serbia,33,181,0,0,0,-,-,0,-,-,0,-,-
4,Mašulović Veljko,OH,192041,2023,Serbia,Serbia,21,198,1,0.12,0,0,0,1,1,0.12,0,0,0
7,Krsmanovic Petar,MB,146579,2023,Serbia,Serbia,33,205,100,8.33,64,0.62,5.33,29,0.3,2.42,7,0.04,0.58
8,Ivovic Marko,OH,132022,2023,Serbia,Serbia,33,194,68,8.5,58,0.39,7.25,5,0.15,0.62,5,0.05,0.62
10,Kujundžić Miran,OH,162122,2023,Serbia,Serbia,26,196,151,12.58,124,0.49,10.33,11,0.2,0.92,16,0.1,1.33
11,Batak Aleksa,S,173249,2023,Serbia,Serbia,24,198,1,0.08,0,0,0,1,0.06,0.08,0,0,0
12,Peric Pavle,OH,173251,2023,Serbia,Serbia,25,207,74,6.17,62,0.42,5.17,8,0.35,0.67,4,0.06,0.33
15,Masulovic Nemanja,MB,150382,2023,Serbia,Serbia,28,205,4,0.5,3,0.5,0.38,0,0,0,1,0.1,0.12
16,Luburic Drazen,O,143794,2023,Serbia,Serbia,30,202,192,16,172,0.49,14.33,7,0.13,0.58,13,0.07,1.08
18,Podrascanin Marko,MB,116525,2023,Serbia,Serbia,36,204,0,-,0,-,-,0,-,-,0,-,-
21,Todorovic Vuk,S,173250,2023,Serbia,Serbia,25,190,17,1.42,6,0.5,0.5,8,0.15,0.67,3,0.02,0.25
23,Vucicevic Bozidar,O,168276,2023,Serbia,Serbia,25,205,21,1.75,18,0.41,1.5,3,0.27,0.25,0,0,0
29,Nedeljkovic Aleksandar,MB,164985,2023,Serbia,Serbia,26,205,94,7.83,61,0.65,5.08,29,0.23,2.42,4,0.03,0.33
,Igor Kolaković,COACH,N/A,2023,Serbia,,,,,,,,,,,,,,
2,Pajenk Alen,MB,114962,2023,Slovenia,Slovenia,37,203,87,6.69,66,0.57,5.08,18,0.16,1.38,3,0.02,0.23
3,Planinšič Uroš,S,168715,2023,Slovenia,Slovenia,25,186,4,0.31,0,0,0,4,0.22,0.31,0,0,0
4,Kozamernik Jan,MB,151391,2023,Slovenia,Slovenia,28,204,89,6.85,55,0.57,4.23,24,0.18,1.85,10,0.05,0.77
5,Kök Matej,OH,151405,2023,Slovenia,Slovenia,27,196,6,0.46,6,0.32,0.46,0,0,0,0,0,0
6,Toman Urban,L,161756,2023,Slovenia,Slovenia,26,185,0,0,0,-,-,0,-,-,0,-,-
10,Štalekar Sašo,MB,151404,2023,Slovenia,Slovenia,27,214,5,0.38,5,0.5,0.38,0,0,0,0,0,0
11,Koncilja Danijel,MB,144483,2023,Slovenia,Slovenia,33,201,0,-,0,-,-,0,-,-,0,-,-
13,Kovačič Jani,L,144415,2023,Slovenia,Slovenia,31,186,0,0,0,-,-,0,-,-,0,-,-
14,Štern Žiga,OH,155920,2023,Slovenia,Slovenia,30,193,49,3.77,44,0.51,3.38,4,0.14,0.31,1,0.02,0.08
16,Ropret Gregor,S,119018,2023,Slovenia,Slovenia,35,192,13,1,6,0.33,0.46,6,0.11,0.46,1,0.01,0.08
17,Urnaut Tine,OH,114957,2023,Slovenia,Slovenia,35,200,186,14.31,164,0.47,12.62,4,0.08,0.31,18,0.09,1.38
18,Čebulj Klemen,OH,136918,2023,Slovenia,Slovenia,32,202,172,13.23,145,0.44,11.15,18,0.25,1.38,9,0.05,0.69
19,Možič Rok,OH,168747,2023,Slovenia,Slovenia,22,200,164,12.62,140,0.48,10.77,14,0.21,1.08,10,0.08,0.77
20,Mujanovič Nik,O,182325,2023,Slovenia,Slovenia,19,206,1,0.11,1,1,0.11,0,-,-,0,-,-
,Gheorghe Cretu,COACH,N/A,2023,Slovenia,,,,,,,,,,,,,,
1,Anderson Matthew,O,118893,2023,United States,United States,36,202,161,10.73,136,0.51,9.07,8,0.11,0.53,17,0.1,1.13
2,Russell Aaron,OH,132624,2023,United States,United States,30,205,107,7.64,84,0.45,6,10,0.21,0.71,13,0.13,0.93
4,Jendryk II Jeffrey,MB,147721,2023,United States,United States,28,208,36,2.4,30,0.56,2,4,0.11,0.27,2,0.03,0.13
8,Defalco Torey,OH,139254,2023,United States,United States,26,198,172,11.47,143,0.51,9.53,13,0.15,0.87,16,0.09,1.07
9,Hanes Jake,O,170104,2023,United States,United States,25,210,36,3.27,27,0.43,2.45,3,0.23,0.27,6,0.14,0.55
10,Dagostino Kyle,L,142445,2023,United States,United States,28,175,0,0,0,-,-,0,-,-,0,-,-
11,Christenson Micah,S,124879,2023,United States,United States,30,198,25,1.67,6,0.29,0.4,15,0.22,1,4,0.02,0.27
12,Holt Maxwell,MB,118901,2023,United States,United States,37,205,74,4.93,53,0.64,3.53,12,0.12,0.8,9,0.07,0.6
14,Ma'a Micah,S,147421,2023,United States,United States,26,192,10,0.91,5,0.56,0.45,4,0.25,0.36,1,0.03,0.09
17,Jaeschke Thomas,OH,143682,2023,United States,United States,30,198,98,8.91,80,0.47,7.27,11,0.38,1,7,0.07,0.64
18,Muagututia Garrett,OH,133463,2023,United States,United States,36,205,32,2.91,28,0.48,2.55,2,0.18,0.18,2,0.05,0.18
19,Averill Taylor,MB,148120,2023,United States,United States,32,201,56,3.73,43,0.72,2.87,7,0.15,0.47,6,0.08,0.4
20,Smith David,MB,116069,2023,United States,United States,38,201,69,4.6,41,0.56,2.73,22,0.24,1.47,6,0.05,0.4
22,Shoji Erik,L,119732,2023,United States,United States,34,184,0,0,0,-,-,0,-,-,0,-,-
,John Speraw,COACH,N/A,2023,United States,,,,,,,,,,,,,,
